,Srno,Project Name,Project Type,Promoter Name,Agent Rera ID
0,1,OBEROI EXQUISITE,Residential,OBEROI REALTY,A51900013862
0,1,Ahuja Tower,Residential,Jagdish Ahuja,A51900003032
0,1,Avenue 54,Residential,Radius Developers,A51900000694
1,2,The Park,Residential,Lodha Group,A51900000694
2,3,Seasons,Residential,Rustomjee,A51900000694
3,4,Sparkle,Residential,Kalpataru,A51900000694
0,1,DOSTI,Residential,DOSTI,A51900002249
0,1,7 HUGHES PROJECT,Residential,HARRESH MEHTA,A51900000624
1,2,MAKER DEVELOPMENT CORPORATION,Mixed (Plots & Buildings),DR MAKER,A51900000624
2,3,MAHAVIR JAIN VIDYALAYA PROJECT BY VARDHMAN DEVELOPERS,Residential,RAJESH VARDHAN,A51900000624
0,1,Avenue 54,Residential,Radius Developers,A51900000707
1,2,Paramount,Residential,Rustomjee,A51900000707
2,3,RainForest,Residential,Kanakia Developers,A51900000707
3,4,Palava City,Residential,Lodha Group,A51900000707
0,1,BARODAWALA PROPERTIES PVT LTD,Commercial,BARODAWALA PROPERTIES PVT LTD,A51900002874
0,1,SHREEJI APARTMENT,Residential,SHREEJI CONSTRUCTION,A51900000759
0,1,Oberoi Exquisite,Residential,Vikas Oberoi,A51900001165
0,1,Lodha Splendora,Residential,Lodha,A51900003368
0,1,THE RISE,Residential,LODHA DWELLERS PVT LTD,A51900001082
0,1,Avenue 54,Residential,Radius Developers,A51900000773
1,2,Paramount,Residential,Ruatomjee,A51900000773
2,3,Ekta Parksville,Residential,Ekta World,A51900000773
3,4,Sparkle,Residential,Kalpataru,A51900000773
4,5,The Park,Residential,Lodha Developers,A51900000773
0,1,THE PARK,Residential,LODHA,A51900000936
0,1,PARIS,Residential,HIMANSHU KANAKIA,A51900000108
1,2,SERENDIPITY,Residential,FORUM,A51900000108
2,3,ARTESIA,Residential,RAHEJA,A51900000108
3,4,360 WEST,Mixed (Plots & Buildings),VIKAS OBEROI,A51900000108
4,5,SIGNATURE ISLAND,Residential,SUNTECK GROUP,A51900000108
5,6,SEASONS,Residential,RUSTOMJEE,A51900000108
6,7,CASTLE ROCK,Residential,HIRANANDANI,A51900000108
7,8,CRESCENT BAY,Residential,L and T,A51900000108
8,9,AVANA,Residential,KALPATARU,A51900000108
9,10,BLU,Residential,INDIABULLS,A51900000108
10,11,10 BKC,Residential,RADIUS,A51900000108
11,12,RAIN FOREST,Residential,HIMANSHU KANAKIA,A51900000108
12,13,SIGNIA ISLES,Residential,SUNTECK GROUP,A51900000108
13,14,SIGNIA PEARL,Residential,SUNTECK GROUP,A51900000108
14,15,OMKAR 1973,Residential,OMKAR,A51900000108
15,16,Kolte Patil Western Avenue,Residential,KOLTE PATIL,A51900000108
16,17,MANAV PERFECT 10,Residential,SHAGUN,A51900000108
17,18,RAMA MELANGE HOMES,Residential,RAMA GROUP,A51900000108
18,19,VTP SOLITAIRE,Residential,VTP GROUP,A51900000108
19,20,VTP URBAN NEST,Residential,VTP GROUP,A51900000108
20,21,RIVERDALE HEIGHTS,Residential,DUVILLE ESTATES,A51900000108
21,22,TCG THE CLIFF GARDEN,Residential,TCG REAL ESTATE,A51900000108
22,23,ZEN WORLD,Residential,KANAKIA,A51900000108
23,24,REVANTA,Residential,PIRAMAL,A51900000108
24,25,EARTH,Residential,ARKADE GROUP BUILDERS,A51900000108
0,1,"LODHA BLUE MOON, PARK SIDE, WORLI",Residential,JAWALA REAL ESTATE PVT LTD,A51900008483
0,1,Grande Vista,Residential,Prashant Vaidya,A51900002523
0,1,ADVISORY SERVICES,Mixed (Plots & Buildings),VIJAY RAWAL,A51900000851
0,1,Dosti Acres,Residential,Dosti Realty,A51900001123
1,2,New Cuffe Parade,Residential,Lodha,A51900001123
2,3,Ahuja O2,Residential,Ahuja Construction,A51900001123
0,1,Raheja Universal,Residential,Raheja,A51900001157
0,1,LnT Crescent Bay,Residential,LnT Constructionn,A51900002959
0,1,,Residential,,A51900002162
0,1,Panchshil Realty,Residential,Sagar Chordia,A51900001544
0,1,Kamala Mills,Commercial,Govanis,A51900005457
0,1,Ekta Apartments,Residential,Geopreneur Group,A51900000861
0,1,New Cuffe Parade,Residential,Lodha Crown Buildmart Pvt Ltd,A51900001374
1,2,Celestia Spaces,Residential,Peninsula Land Ltd and Bhattad Group,A51900001374
2,3,Salsette 27 Byculla,Residential,Peninsula Land Ltd,A51900001374
3,4,Island City Center,Residential,Bombay Realty,A51900001374
4,5,One Avighna Park,Residential,Nish Developers Pvt Ltd,A51900001374
5,6,Crescent Bay Parel,Residential,LnT Realty,A51900001374
6,7,Raheja Xion,Commercial,Raheja Universal Pvt Ltd,A51900001374
7,8,Kalpataru Avana,Residential,Kalpataru Ltd,A51900001374
8,9,Omkar 1973,Residential,Omkar Realtors and Developers Pvt Ltd,A51900001374
9,10,Piramal Aranya,Residential,Piramal Realty,A51900001374
10,11,Raheja Imperia,Residential,Raheja Universal Pvt Ltd,A51900001374
11,12,Ahuja Towers,Residential,Ahuja Constructions,A51900001374
12,13,RA Residences,Residential,Khemchand B Kothari and Company,A51900001374
13,14,Indiabulls Blue,Residential,Indiabulls Real Estate Ltd,A51900001374
14,15,Beau Monte,Residential,Sheth Creators Pvt Ltd,A51900001374
15,16,25 South,Residential,Hubtown and Wadhwa Group,A51900001374
16,17,Dosti Ambrosia,Residential,Dosti Realty,A51900001374
17,18,Kanakia Paris,Residential,Kanakia Spaces Realty Pvt Ltd,A51900001374
18,19,Kohinoor Square,Residential,Kohinoor CTNL Infrastructure Co Pvt Ltd,A51900001374
19,20,THE PARK,Residential,Lodha Group,A51900001374
20,21,LODHA VENEZIA,Residential,Lodha Group,A51900001374
21,22,Monte South,Residential,Marathon Realty Pvt Ltd,A51900001374
22,23,Godrej Sky,Residential,Godrej Properties,A51900001374
23,24,Runwal Nirvana,Residential,Runwal Developers,A51900001374
24,25,Word One,Residential,Lodha Group,A51900001374
25,26,Ahuja Altus,Residential,Ahuja Constructions and JP Infra,A51900001374
26,27,Ruparel Ariana,Residential,Ruparel Realty,A51900001374
27,28,Ruparel Jewel,Residential,Ruparel Realty,A51900001374
28,29,RAHEJA DISTRICT II,Industrial,Raheja Universal Pvt Ltd,A51900001374
29,30,W54 Matunga,Residential,Wadhwa Group,A51900001374
30,31,Naman Midtown,Commercial,Shree Naman Group,A51900001374
31,32,Artesia,Residential,K Raheja Corp,A51900001374
32,33,The Imperial Edge,Residential,SD Corporation Pvt Ltd,A51900001374
0,1,Crescent Bay,Residential,Larsen and Toubro Realty,A51900000227
1,2,Western Heights,Residential,Adani Realty,A51900000227
2,3,Rohan Abhilasha,Residential,Rohan Builders,A51900000227
0,1,ADVISORY SERVICES,Mixed (Plots & Buildings),VIJAY RAWAL,A51900000828
0,1,Imperial Heights,Residential,Radius Developers,A51900000839
1,2,One Avigna Park,Residential,Avigna India Limited,A51900000839
2,3,Sumer Trinity,Residential,Sumer Group,A51900000839
3,4,RNA Mirage,Residential,RNA Corp,A51900000839
4,5,World Towers,Residential,Lodha Group,A51900000839
0,1,SUPREME BADRINATH,Residential,SUPREME DEVELOPERS,A51900000080
1,2,SANDEEP,Residential,PR DEVELOPRERS,A51900000080
2,3,RUNWALELEGANTE,Residential,RUNWALPROJECTS,A51900000080
3,4,RUNWAL GREENS,Residential,RUNWAL DEVELOPERS,A51900000080
0,1,POONAM HEIGHTS,Residential,TIMESTAR LTD,A51900003469
1,2,MAHAVIR GARDENS VIRAR,Residential,BHARAT JAIN,A51900003469
2,3,SUMMIT SAMARTH GOREGAON,Commercial,MITHARAM JAHANGID,A51900003469
3,4,SUMMIT SAMARATH GOREGAON,Residential,SAILESH ADHARU,A51900003469
4,5,CHANDAK PALOMA GOREGAON EAST,Residential,ABHAY CHANDAK,A51900003469
5,6,CHANDAK STELLA GOREGAON WEST,Residential,ABHAY CHANDAK,A51900003469
0,1,WORLD TOWERS,Residential,LODHA,A51900002458
0,1,OMKAR ALTA MONTE,Residential,BABULAL VERMA,A51900001442
1,2,RIZVI OAK,Residential,AKHTHAR HUSSAIN RIZVI,A51900001442
2,3,KANAKIA,Residential,HEMANSHU KANAKIA,A51900001442
3,4,LODHA SUPREMO,Commercial,ABHINANADAN LODHA,A51900001442
4,5,VASANT OASIS,Residential,JEETU BHAI,A51900001442
0,1,Chembur High,Residential,Crystal Group,A51900000832
1,2,Guruatman,Residential,Gurukrupa Developers,A51900000832
0,1,SHAH AND NAHAR INDUSTRIAL ESTATE A1 AND A2 WORLI,Industrial,SUKHRAJ NAHAR,A51900002104
1,2,NIRMAN KENDRA,Commercial,SUMERMAL SHAH,A51900002104
2,3,NEO RESIDENCY KHOPOLI,Residential,NARESH MEHTA,A51900002104
3,4,KARTIK RESIDENCY PANVEL,Residential,NATURES AMBROSIA REALTORS PVT LTD,A51900002104
4,5,SHUBH LABH AMRUT,Residential,A K PORBUNDERWALA BUILDERS PVT LTD,A51900002104
0,1,Sweena,Residential,Chheda Modak,A51900000997
0,1,FELIX,Commercial,MR SHAH,A51900000836
0,1,Raheja grande,Commercial,Ashish raheja,A51900001244
0,1,SHUBH MANGAL,Residential,KARMVIR GROUP,A51900000879
0,1,SARKAR CONSTRUCTION,Mixed (Plots & Buildings),NASIR SARKAR,A51900001013
0,1,Avenue 54,Residential,Radius Developers,A51900001089
1,2,Meriddian,Residential,Mayfair Housing,A51900001089
2,3,Paramount,Residential,Rustomjee,A51900001089
3,4,Sparkle,Residential,Kalpataru,A51900001089
4,5,The Park,Residential,Lodha Group,A51900001089
0,1,NEMINATH LUXERIA,Residential,NEMINATH,A51900012428
1,2,FREEWAY 37,Residential,TRANSINDIA GROUP,A51900012428
2,3,VINAYAK,Residential,NEUMEC,A51900012428
0,1,KALPATARU AVANA,Residential,KALPATARU LIMITED,A51900000969
1,2,RAHEJA IMPERIA,Residential,RAHEJA UNIVERSAL PVT LTD,A51900000969
0,1,WORLD TRINITY,Residential,LODHA DEVELOPER,A51900001032
1,2,NEW CUFFE PARADE,Residential,LODHA DEVELOPER,A51900001032
2,3,PREMIERE RESIDENCE,Residential,HUBTOWN LTD,A51900001032
3,4,Avenue 54,Residential,radius Developers,A51900001032
4,5,Paramount,Residential,Rustomjee,A51900001032
5,6,Sparkle,Residential,Kalpataru,A51900001032
0,1,Oberoi Project,Residential,Vikas Oberoi,A51900000975
0,1,Marvel Cerise,Residential,Vishwajeet Jhavar,A51900004611
1,2,Mayur,Residential,Rohan Agarwal,A51900004611
2,3,Cresent Bay,Residential,Larsen and tubro,A51900004611
3,4,Golden Ira,Plots,Golden Gate,A51900004611
4,5,Vatika 7 lamps,Residential,Gautam Bhalla,A51900004611
5,6,WTC Noida,Commercial,Ashish Bhalla,A51900004611
0,1,"Godrej Prana, Undri Pune",Residential,Godrej Properties Limited,A51900007512
1,2,"Amantra, Kalyan",Residential,Tata Housing Development Company Limited,A51900007512
2,3,"Godrej Anandam, Nagpur",Residential,Godrej Properties Ltd,A51900007512
3,4,"Capitol Heights,Nagpur",Residential,Tata Realty And Infrastructure Limited,A51900007512
4,5,"Godrej Central, Chembur",Residential,Godrej Properties Limited,A51900007512
5,6,"La Montana, Talegaon",Residential,Tata Value Homes Ltd,A51900007512
6,7,"New Heaven ,Boisar",Residential,Tata Value Homes Ltd,A51900007512
7,8,"The Park,Lower Parel",Residential,Lodha Group,A51900007512
8,9,"Tata Aveza, Mulund",Residential,Tata Housing DevelopmentCompany Ltd,A51900007512
9,10,"Serein, Thane",Residential,Tata Housing Development Company Limited,A51900007512
10,11,"Kalpataru Sunrise Grande,Thane",Residential,Kalpataru Group,A51900007512
11,12,"Godrej Pratik,Kolkata",Residential,Godrej Properties Ltd,A51900007512
12,13,"The Promont, Bangalore",Residential,Tata Housing Development Company Limited,A51900007512
13,14,"Godrej Garden City, Ahmedabad",Residential,Godrej Proeprteis Ltd,A51900007512
14,15,"Godrej Summit, Gurgaon",Residential,Godrej Properties Ltd,A51900007512
15,16,"Ariana, Bhubneshwar",Residential,Tata Housing Development Company Limited,A51900007512
16,17,"Santrini, Chennai",Residential,Tata Value Homes Limited,A51900007512
17,18,"Stargaze ,Bhavdan Pune",Residential,Kolte Patil I-Ven Townships Pune Ltd,A51900007512
0,1,Runwal Greens,Residential,Runwal,A51900003323
1,2,Lodha Splendora,Residential,Lodha,A51900003323
2,3,Marathon Nexgen,Residential,Marathon,A51900003323
0,1,OMKAR 1973,Residential,Omkar Realtors and Developers Pvt Ltd,A51900008039
1,2,Ahuja Tower Prabhadevi,Residential,Ahuja Properties and Realtors Pvt Ltd,A51900008039
0,1,Santacruz Project,Residential,Sanjay Chhabria,A51900001289
1,2,Avenue 54,Residential,Sanjay Chhabria,A51900001289
0,1,Kalpataru Radiance,Residential,Kalpataru,A51900001046
1,2,Fortune City,Residential,Hiranandani,A51900001046
2,3,Kalpataru Immensa,Residential,Kalpataru,A51900001046
3,4,Raheja District,Residential,Raheja Universal,A51900001046
0,1,Raheja Vivarea,Residential,K RAHEJA/ Genext hardware and parks pvt ltd/ Ravi raheja,A51900008064
1,2,Ahuja Towers,Residential,Ahuja Properties and Realtors Pvt Ltd/ Jadgish Ahuja,A51900008064
2,3,Dosti Ambrosia,Residential,Dosti Realty Ltd/ Deepak Goradia,A51900008064
3,4,Neumec Chandelier Court Worli Naka,Residential,Neumec Group/ sadguru and DLPL joint venture,A51900008064
4,5,D B Crown Prabhadevi,Residential,DB Realty /VINOD GOENKA,A51900008064
5,6,Celestial Spaces Sewri,Residential,Hem Bhattad Bhattad Group,A51900008064
6,7,Naman Midtown,Commercial,Shree Naman Builders Pvt Ltd/ Jayesh Shah,A51900008064
0,1,GARNET HEIGHTS,Residential,AMIN DABBAWALA,A51900004649
1,2,PIRAMAL REALITY,Residential,PIRAMAL GROUPS,A51900004649
0,1,WALLACE FORTUNA,Residential,ATUL PATEL,A51900000960
0,1,Lodha Palava,Residential,Lodha,A51900004952
1,2,Aadi Allure,Residential,Aadi Group,A51900004952
2,3,Westin Ratnadeep,Residential,Westin Developers,A51900004952
0,1,Balaji Symphony,Residential,Vinay Agarwal,A51900002952
1,2,Satyam exotica,Residential,Rajesh Gulati,A51900002952
0,1,GODREJ TREES,Residential,MR ADI GODREJ,A51900001307
1,2,INDIABULLS SKY SUITES,Residential,SAMEER GEHLAUT,A51900001307
2,3,KALPATARU JADE GARDENS,Residential,PARAG MUNOT,A51900001307
3,4,MARATHON ICON,Commercial,MAYUR SHAH,A51900001307
4,5,PHOENIX PARAGON PLAZA,Commercial,MRS GAYATRI RUIA,A51900001307
5,6,ONE BKC,Commercial,VIJAY WADHWA,A51900001307
0,1,,Commercial,,A51900013707
0,1,LODHA PALAVA CITY,Residential,MANGAL PRABHAT LODHA,A51900001023
1,2,LODHA AMARA,Residential,MANGAL PRABHAT LODHA,A51900001023
2,3,PINNACLES BY HAWARE,Residential,SURESH HAWARE,A51900001023
0,1,UK Iridium,Residential,UK Realty,A51900002102
0,1,SUNTAKE,Residential,SIGNIA OCEAN,A51900014271
1,2,RUNWAL PROJECT,Residential,RUNWAL GREENS,A51900014271
2,3,RAMRAJYA,Residential,NEPTUNE,A51900014271
3,4,RAIKAR,Residential,YASH PARADISE,A51900014271
0,1,RIVERSIDE GREENS,Residential,GROW PLUS INFRA,A51900016545
1,2,CASA VISTA,Residential,AURA REALTORS,A51900016545
0,1,Rajan Dream,Residential,Jhaveri Builder,A51900013914
1,2,Rajan Season,Residential,Jhaveri Builder,A51900013914
0,1,VASANT OASIS BY SHETH GROUP,Residential,JITU SHAH,A51900001021
0,1,KAKAD PARADISE,Residential,KAKAD HOUSING CORPORATION,A51900013961
0,1,QUATRECASAS GONCALVES PEREIRA SLP,Residential,QUATRECASAS GONCALVES PEREIRA SLP,A51900014023
0,1,NAND DHAM,Residential,CREATIVE CONSTRUCTION,A51900001853
0,1,Vasant Oasis,Residential,Jitendra N Sheth,A51900014689
1,2,Grand Pallazo,Residential,Rajesh Gala,A51900014689
2,3,Mato Shree,Residential,Sanjay Tamhani,A51900014689
3,4,Centrico,Residential,Jiger Vohra,A51900014689
4,5,Rite Skyluxe,Residential,Ritesh Shah,A51900014689
5,6,Freeway,Residential,Rajendra M Rajan,A51900014689
6,7,Upper East,Residential,Vikram Agarwala,A51900014689
7,8,Rohan Aquino,Residential,Bharat Modi,A51900014689
0,1,Dudhwala Proxima,Residential,Aviation hotels pvt ltd,A51900015276
0,1,Medow Park,Residential,lalani Group,A51900014048
1,2,Lotus Park,Residential,Lalani,A51900014048
0,1,Sky greens,Residential,Ruparel,A51900013968
0,1,Dreams The Mall,Commercial,Satra Property,A51900012135
0,1,NIL,Others,NIL,A51900009720
0,1,LODHA PARK,Residential,LODHA,A51900001331
0,1,Avenue 54,Residential,Radius Developers,A51900000678
1,2,64 Greens,Residential,Radius Developers,A51900000678
2,3,Paramount,Residential,Rustomjee,A51900000678
3,4,Sparkle,Residential,Kalpataru,A51900000678
4,5,Imperial Heights,Residential,Radius Developers,A51900000678
0,1,palava,Residential,mangalprabhat lodha,A51900014126
1,2,runwal bliss,Residential,Subhod Runwal,A51900014126
2,3,Godrej Prime,Residential,adi Godrej,A51900014126
0,1,LODHA PALLAVA,Residential,LODHA,A51900014067
0,1,PRATIKSHA NAGAR MHADA,Residential,MHADA COMPLEX,A51900014121
1,2,NEW CUFF PARED,Residential,LODHA GROUP,A51900014121
2,3,DOSTI,Residential,DOSTI AMBROSIA,A51900014121
3,4,BHAKTI PARK,Residential,AJMERA GROUP,A51900014121
4,5,OMKAR HEIGHTS,Industrial,OMKAR GROUP,A51900014121
0,1,Chintamani Habitat,Residential,Jasnani Constructions,A51900001526
0,1,KALPATARU AURA,Residential,MUNOT,A51900014226
1,2,NEELKANTH ENCLAVE,Residential,VELJI HARKHA PATEL,A51900014226
2,3,LODHA NEW CUFFE PARADE,Residential,ABHISHEK LODHA,A51900014226
3,4,KALPATARU AVANA,Residential,Mofatraj Munot,A51900014226
4,5,GODREJ TREES,Residential,Pirojsha Godrej,A51900014226
5,6,LODHA THE PARK,Residential,Abhishek lodha,A51900014226
6,7,Piramal Aranya,Residential,Anand Piramal,A51900014226
7,8,Piramal vaikunth,Residential,Anand Piramal,A51900014226
0,1,LODHA VENEZIA,Residential,LODHA,A51900014419
0,1,Alta Vista,Residential,Spenta Coporation,A51900014108
1,2,Eastern Winds,Residential,Shree Krishna Group,A51900014108
2,3,Lodha New Cuffe Parade,Residential,Lodha,A51900014108
3,4,Harikunj 3,Residential,Kukreja Constructions,A51900014108
4,5,Aranya,Residential,Tridhaatu Aranya,A51900014108
5,6,O2,Residential,Ahuja Constructions,A51900014108
6,7,Sandhya Heritage,Residential,Heritage Group,A51900014108
7,8,Glamcent,Commercial,Thapar Realtors,A51900014108
8,9,Lodha World Crest,Residential,Lodha,A51900014108
9,10,Godrej Serenity,Residential,Godrej Properties,A51900014108
0,1,YASMIN RESIDENCY,Residential,GUDDI ENTERPRISES,A51900014085
0,1,Lodha,Residential,Lodha,A51900014101
1,2,Pratiksha Nagar Mhada,Residential,Mhada Complex,A51900014101
2,3,Dosti Ambrosia,Residential,Dosti Group,A51900014101
3,4,BHakti Park,Commercial,Bhakti Park,A51900014101
4,5,Sugge,Commercial,Dadar,A51900014101
0,1,NEW CUFF PARADE WADALA,Residential,LODHA BUILDER,A51900014162
1,2,BEAU MONDE SION,Residential,SEHTH CREATOR,A51900014162
2,3,KOHINOOR SQUARE DADAR,Commercial,KOHINOOR CTNL,A51900014162
3,4,THE PARK WORLI,Residential,LODHA BUILDER,A51900014162
4,5,THE TREES VICKROLI,Residential,GODREJ PROPERTIES LTD,A51900014162
0,1,Divine Complex,Residential,Divine Builder and Developer,A51900017004
1,2,Mission Park View,Plots,Mission India Group LLP,A51900017004
0,1,Swami residency,Residential,Jeevan rege,A51900014543
0,1,MAYUR,Residential,GEOPRENEUR SPIRE REALTY,A51900004184
1,2,TRIVENI,Residential,ATUL CORPORATES,A51900004184
2,3,ASHWIN HEIGHTS,Residential,OSHO DEVELOPERS,A51900004184
3,4,ARISTA,Residential,SAHAJANAND DEVELOPERS,A51900004184
4,5,MADHUKUNJ,Residential,ATUL PROJECTS INDIA LIMITED,A51900004184
0,1,Imperial Heights Goregaon,Residential,Wadhwa Group Holdings Pvt Ltd,A51900001068
1,2,Smart Homes,Residential,Rashmi Realty Pvt Ltd,A51900001068
2,3,Megapolis Splendor,Residential,Pegasus Properties Pvt Ltd,A51900001068
3,4,Rose Garden,Residential,Triaxis Buildcon Pvt Ltd,A51900001068
4,5,Little Hearts,Residential,Shree Mangal Vishram Developers,A51900001068
5,6,Kalpataru Splendor,Residential,Kalpataru Properties Pvt Ltd,A51900001068
0,1,,Others,,A51900014490
0,1,SAVITRI PEARL,Others,MUKESH B JAIN,A51900014190
1,2,THE PARK,Residential,LODHA,A51900014190
2,3,NATHANI HEGIHTS,Commercial,SUPARIWALA,A51900014190
3,4,CENTRAL AVENUE,Residential,FAROOK,A51900014190
0,1,cresent bay,Residential,l and t,A51900001768
1,2,veda,Residential,omkaar developers,A51900001768
2,3,oceanic,Residential,spark developers,A51900001768
3,4,orchid enclave,Residential,db reality,A51900001768
0,1,ONE INDIA BULLS,Commercial,INDIABULLS GROUP,A51900001099
0,1,Hirani mathon,Residential,Dinesh Savant,A51900014236
1,2,Omkar,Residential,Divanshu Gupta,A51900014236
0,1,Gold County Villas,Residential,Godrej,A51900014274
0,1,Neo Infracon Projects,Commercial,Naresh Mehta,A51900014330
0,1,Arcade Rise,Residential,Arcade Group,A51900014291
0,1,Godrej,Residential,Godrej,A51900014339
0,1,RICHA REALTOR,Residential,PRAKASH JOSHI,A51900014369
0,1,OMKAR DEVELOPERS MALAD,Residential,OMKAR DEVELOPERS MALAD,A51900014406
1,2,RNA ROYAAL PARK,Residential,RNA BUILDERS,A51900014406
2,3,OMKAR ALTA MONTE,Residential,OMKAR DEVELOPERS,A51900014406
0,1,Kanakia Paris,Residential,Kanakia Builders,A51900014453
1,2,RAK Towers,Residential,Kothari builders,A51900014453
2,3,KUL,Residential,Kumar Builders,A51900014453
0,1,LODHA PALAVA,Residential,MANGAL PRABHAT LODHA,A51900001105
1,2,LODHA WAGHLE ESTATE,Commercial,MANGAL PRABHAT LODHA,A51900001105
2,3,AHUJA PRASADAM,Residential,JAGDISH AHUJA,A51900001105
0,1,AMARANTE,Residential,NEEL SIDHI DEVELOPERS,A51900015051
1,2,NEEL SIDHI JOYA,Commercial,NEEL SIDHI DEVELOPERS,A51900015051
0,1,The Park,Residential,Lodha Developers,A51900014424
0,1,Lodha,Residential,Lodha,A51900014552
1,2,Hubtown Solaris,Commercial,Hubtown,A51900014552
2,3,Omkar Summit,Commercial,Omkar,A51900014552
3,4,Oberoi Esquire,Residential,Oberoi Realty,A51900014552
0,1,MINT MAGNA,Residential,NARESH JAIN,A51900021196
0,1,Tata Housing,Residential,Tata Housing,A51900014642
1,2,Hiranandani,Residential,Niranjan,A51900014642
0,1,lodha,Residential,lodha,A51900015756
0,1,SHIVALIK,Residential,PRATIK JADHAV,A51900015030
0,1,MADHUWANTI BROCHURE,Residential,SARMILA RAJ THACKERAY,A51900014637
0,1,Lodha park,Residential,Lodha group,A51900000156
0,1,Peninsula Business Park,Commercial,Peninsula Land,A51900001497
0,1,Belmondo,Residential,Lodha,A51900001058
1,2,New Cuffe Parade,Residential,Lodha,A51900001058
2,3,Sky Forest,Residential,India Bulls,A51900001058
3,4,Crescent Bay,Residential,L and T,A51900001058
4,5,Savroli,Residential,India Bull,A51900001058
5,6,Rumah Bali,Residential,Puraniks,A51900001058
0,1,Rustoomjee Paramount,Residential,Rustoomjee,A51900000150
1,2,Oberoi Sky city,Residential,Vikas oberoi,A51900000150
2,3,Fortune,Residential,Mihir jethwa,A51900000150
0,1,MARATHON NEX ZONE PANVEL,Residential,MARATHON REALTY PVT LTD,A51900001263
1,2,KALPATARU PRIMUS RESIDENCES,Residential,GURUKRUPA DEVELOPERS PVT LTD,A51900001263
2,3,KUKREJA GOLF SCAPPE,Residential,KUKREJA COSTRUCTION COMPANY CHEMBUR,A51900001263
3,4,ASHOK ASTORIA NASHIK,Residential,ASHOK PIRAMAL GROUP,A51900001263
4,5,AASHIRWAD MATUNGA,Residential,RAUNAK GROUP,A51900001263
5,6,KIRTI KUNJ KHAR,Residential,M J N ENTERPRISE LLP,A51900001263
0,1,NIRMAL TURQUOISE,Residential,DHARMESH JAIN,A51800001118
0,1,"dlh swakrut , adani western heights, luxuria",Residential,"Adani Group, Neminath group, DLH Builder",A51900001209
0,1,ODHAVRAM APARTMENT,Residential,ODHAV CONSTRUCTION,A51900008853
1,2,PREM ASHISH,Residential,SANGHVI GRUHA NIRMAN PVT LTD,A51900008853
2,3,SANGHAVI SQUARE,Commercial,SANGHVI LAND DEVELOPERS PVT LTD,A51900008853
0,1,NEELKANTH REGENT GHATKOPAR,Residential,MUKESH PATEL AND ORS,A51900001104
0,1,BINDRA COMPLEX,Commercial,H P MEHTA,A51900001254
1,2,HUBTOWN,Commercial,VIMAL JAIN,A51900001254
2,3,SAWANT CONSTRUCATION,Residential,Rajiv Sawant,A51900001254
0,1,Anenue 54,Residential,Radius Developers,A51900001132
1,2,Paramount,Residential,Rustomjee,A51900001132
2,3,Sparkle,Residential,Kalpataru,A51900001132
0,1,Crescent Bay,Residential,Larsen and Toubro Realty,A51900003087
1,2,Western Heights,Residential,Adani Realty,A51900003087
2,3,Rohan Abhilasha,Residential,Rohan Builders and Developers,A51900003087
0,1,SIDDHARTH ENCLAVE,Residential,BHARAT SHAH,A51900002669
1,2,DOSTI AMBROSIA,Residential,DOSTI GROUP,A51900002669
0,1,Avenue 54,Residential,Radius Developers,A51900001408
1,2,Seasons,Residential,Rustomjee,A51900001408
2,3,Sparkle,Residential,Kalpataru,A51900001408
3,4,The Park,Residential,Lodha,A51900001408
0,1,Bhattad Aurus,Residential,Bhattad Brothers,A51900003580
0,1,Praneeth Pranav Zenith,Residential,Praneeth Pranav Zenith,A51900002998
1,2,Dheeraj Livsmart,Residential,Dheeraj Livsmart,A51900002998
2,3,Sycon Troica,Residential,Sycon Troica,A51900002998
3,4,Runwal Forests,Residential,Runwal Forests,A51900002998
4,5,Sree Sai Sannidhi Apartment,Residential,Sree Sai Sannidhi Apartment,A51900002998
5,6,GKR Sri Sai Kamala Residency,Residential,GKR Sri Sai Kamala Residency,A51900002998
6,7,Island City Centre,Residential,Island City Centre,A51900002998
7,8,Om Heights,Residential,Om Heights,A51900002998
8,9,Hiranandani Fortune City,Residential,Hiranandani Fortune City,A51900002998
9,10,Salarpuri Sattva Cadenza,Residential,Salarpuria Sattva Cadenza,A51900002998
10,11,Salarpuria Sattva Senorita,Residential,Salarpuria Sattva Senorita,A51900002998
11,12,Salarpuria Sattva Pipal tree,Residential,Salarpuria Sattva Pipal tree,A51900002998
12,13,Salarpuria Sattva Aspire,Residential,Salarpuria Sattva Aspire,A51900002998
13,14,Salarpuria Sattva Altana,Residential,Salarpuria Sattva Altana,A51900002998
14,15,Salarpuria Sattva Divinity,Residential,Salarpuria Sattva Divinity,A51900002998
15,16,Salarpuria Sattva East Crest,Residential,Salarpuria Sattva East Crest,A51900002998
16,17,Salarpuria Sattva Melody,Residential,Salarpuria Sattva Melody,A51900002998
17,18,Salarpuria Sattva Celesta,Residential,Salarpuria Sattva Celesta,A51900002998
18,19,Salarpuria Sattva Magnificia,Residential,Salarpuria Sattva Magnificia,A51900002998
19,20,Salarpuria Sattva Laurel Heights,Residential,Salarpuria Sattva Laurel Heights,A51900002998
20,21,Salarpuria Sattva Casa Irene,Residential,Salarpuria Sattva Casa Irene,A51900002998
21,22,Salarpuria Sattva Gold Summit,Residential,Salarpuria Sattva Gold Summit,A51900002998
22,23,Amrapali La Galleria,Residential,Amrapalli La Galleria,A51900002998
23,24,Salarpuria Sattva Casa Crescent,Residential,Salarpuria Sattva Northland,A51900002998
24,25,Salarpuria Sattva Northland,Residential,Salarpuria Sattva Northland,A51900002998
25,26,GM Global Techies Town,Residential,GM Global Techies Town,A51900002998
26,27,Green Land,Residential,Green Land,A51900002998
27,28,Cynosure White Spaces,Residential,Cynosure White Spaces,A51900002998
28,29,PGP Oaks,Residential,PGP Oaks,A51900002998
29,30,Pantha Niwas Phase III,Residential,Pantha Niwas Phase III,A51900002998
30,31,Ganapathy Vivek Enclave,Residential,Ganapathy Vivek Enclave,A51900002998
31,32,Ganapathy Lakshmi Villa Apartments,Residential,Ganapathy Lakshmi Villa Apartments,A51900002998
32,33,Ashanand Residency,Residential,Ashanand Residency,A51900002998
33,34,Vasiyam Thendral,Residential,Vasiyam Thendral,A51900002998
34,35,Centum Sri Mehal,Residential,Centum Sri Mehal,A51900002998
35,36,Krishna Nisarga,Residential,Krishna Nisarga,A51900002998
36,37,Grand Space Diya Homes,Residential,Grand Space Diya Homes,A51900002998
37,38,SI Residency,Residential,SI Residency,A51900002998
38,39,Anugraha Apartments,Residential,Anugraha Apartments,A51900002998
39,40,Tulive Dakshin,Residential,Tulive Dakshin,A51900002998
40,41,Majestic Euriska,Residential,Majestic Euriska,A51900002998
41,42,KSR Cordelia,Residential,KSR Cordelia,A51900002998
42,43,Hebron Le Lexuz Stone View,Residential,Hebron Le Lexuz Stone View,A51900002998
43,44,Reliaable Elegaance,Residential,Reliaable Elegaance,A51900002998
44,45,Ozone KNS Oasis,Residential,Ozone KNS Oasis,A51900002998
45,46,KNS Anirvan,Residential,KNS Anirvan,A51900002998
46,47,Thulasi Manoj Crest,Residential,Thulasi Manoj Crest,A51900002998
47,48,MSK Paradise,Residential,MSK Paradise,A51900002998
48,49,Vineyard Chrysolite,Residential,Vineyard Chysolite,A51900002998
49,50,GP Freesia,Residential,GP Freesia,A51900002998
50,51,Durva Greens,Residential,Durva Greens,A51900002998
51,52,Revanta,Residential,Revanta,A51900002998
52,53,MV Royal Homes,Residential,MV Royal Homes,A51900002998
53,54,Habitat Eden Heights,Residential,Habitat Eden Heights,A51900002998
54,55,Cordon Providence,Residential,Cordon Providence,A51900002998
55,56,Vishwa Natures Paradise Villa,Residential,Vishwa Natures Paradise Villa,A51900002998
56,57,Century Indus,Residential,Century Indus,A51900002998
57,58,Lodha Palava City Central Park,Residential,Lodha Palava City Central Park,A51900002998
58,59,Anantharaa Green Woods,Residential,Anantharaa Green Woods,A51900002998
59,60,Tejas Lake View Homes,Residential,Tejas Lake View Homes,A51900002998
60,61,Crystal Apartment,Residential,Crystal Apartment,A51900002998
61,62,Peace Shanti Exotica,Residential,Peace Shanti Exotica,A51900002998
62,63,Marina Skies,Residential,Marina Skies,A51900002998
63,64,Windsor Amulyam,Residential,Windsor Amulyam,A51900002998
64,65,Kashmira Galaxy,Residential,Kashmira Galaxy,A51900002998
65,66,Swathi Nagendra Elite,Residential,Swathi Nagendra Elite,A51900002998
66,67,Swathi Gardenia,Residential,Swathi Gardenia,A51900002998
67,68,Green Home Eldorado,Residential,Green Home Eldorado,A51900002998
68,69,Green Acres,Residential,Green Acres,A51900002998
69,70,S Srivari,Residential,S Srivari,A51900002998
70,71,Ashiana Panvel Paradise,Residential,Ashiana Panvel Paradise,A51900002998
71,72,CBR Aakruthi,Residential,CBR Aakruthi,A51900002998
72,73,VIP Vijetha Smart City,Residential,VIP Vijetha Smart City,A51900002998
73,74,Samprasiddhi Green Edge,Residential,Samprasiddhi Green Edge,A51900002998
74,75,Lomte Residency,Residential,Lomte Residency,A51900002998
75,76,Dhanush Enclave,Residential,Dhanush Enclave,A51900002998
76,77,Prajay Water front Phase,Residential,Prajay Water front Phase II,A51900002998
77,78,Mothers Life Spaces Veneto,Residential,Mothers Life Spaces Veneto,A51900002998
78,79,PRS Param Ratna,Residential,PRS Param Ratna,A51900002998
79,80,PRS Krishna,Residential,PRS Krishna,A51900002998
80,81,PRS Lakeville,Residential,PRS Lakeville,A51900002998
81,82,A V Vijayam,Residential,A V Vijayam,A51900002998
82,83,Supertech Belfair,Residential,Supertech Belfair,A51900002998
83,84,Fairyland Sai Akshayam,Residential,Fairyland Sai Akshayam,A51900002998
84,85,Tata New Haven,Residential,Tata New Haven,A51900002998
85,86,Lakvinsar City,Residential,Lakvinsar City,A51900002998
86,87,Siddhivinayak Dream Homes,Residential,Siddhivinayak Dream Homes,A51900002998
87,88,Mourya Palace,Residential,Mourya Palace,A51900002998
88,89,Indiabulls Greens,Residential,Indiabulls Greens,A51900002998
89,90,Swastik Janmada Apartment,Residential,Swastik Janmada Apartment,A51900002998
90,91,Mirador Utsaav,Residential,Mirador Utsaav,A51900002998
91,92,Majestica,Residential,Majestica,A51900002998
92,93,Comfort Heights,Residential,Comfort Heights,A51900002998
93,94,Mahendra Aarna,Residential,Mahendra Aarna,A51900002998
94,95,Nag Green Park,Residential,Nag Green Park,A51900002998
95,96,Shree Gajanan Apartment,Residential,Shree Gajanan Apartment,A51900002998
96,97,Sai Satyam Homes,Residential,Sai Satyam Homes,A51900002998
97,98,Gaursons Yamuna City Park View,Residential,Gaursons Yamuna City Second Park View,A51900002998
98,99,Yamuna City ThirtySecond Park View,Residential,Yamuna City ThirtySecond Park View,A51900002998
99,100,White Country,Residential,White Country,A51900002998
0,1,Royal Square,Commercial,Ajanta Properties,A51900008613
0,1,Mahalaxmi,Residential,Sugee Developers Pvt Ltd,A51900007859
0,1,Anvaya,Residential,M/S Sahaj Developers,A51900001464
1,2,Millionist 14,Residential,M/S Aadinath Developers,A51900001464
2,3,R A Residency,Residential,M/S R A Associates,A51900001464
3,4,Island City Center,Residential,M/S Bombay Realty,A51900001464
4,5,Alankar Bldg,Residential,Mr Prashant Vaidya,A51900001464
0,1,,Residential,,A51900001211
0,1,Raheja Atlantis,Commercial,Raheja Universal,A51900001486
1,2,Kalpartaru Royale,Commercial,Kalpataru,A51900001486
2,3,Palm Beach Residency,Commercial,Wadhwa,A51900001486
3,4,pittie,Residential,pittie group,A51900001486
0,1,LODHA AMARA,Residential,LODHA,A51900001360
0,1,The Imperial Edge,Residential,"SD Corp, Shapoor Mistry and Dilip Thacker",A51900000902
1,2,Oberoi 360 West,Residential,"Oberoi Realty, VIcky Oberoi",A51900000902
2,3,Raheja Artesia,Residential,"K Raheja Corp, Chandru Raheja",A51900000902
3,4,Godrej BKC,Commercial,Godrej Properties Ltd,A51900000902
0,1,Lodha Amara Thane,Residential,Ishwar Reality,A51900000306
1,2,Raheja Vistas Powai,Residential,K Raheja,A51900000306
2,3,Crescent Sollitare Sakinaka,Residential,Crescent Realtors,A51900000306
0,1,raheja exotica,Residential,rajehja universal,A51900005182
0,1,Hill Crest Resort,Residential,Debashish Chakroborty,A51900003622
1,2,Shubh Graha,Residential,Tata Value Homes,A51900003622
2,3,Neptune Developers Pvt Ltd,Residential,Sachin Manohar Deshmukh Nayan ashok bheda,A51900003622
3,4,Antheia,Residential,Arjun Nanda,A51900003622
4,5,River Residency,Residential,Ishwer Parmar,A51900003622
5,6,Emrald Aisle by Larson and Tourbo Limited,Residential,Shrikant Joshi,A51900003622
6,7,Park Myst by Richa Housing projects pvt Ltd,Residential,"Anil thote, Prakash sharad joshi,",A51900003622
7,8,Sobha rain forest Ltd,Residential,Ravi Menon and JC Sharma,A51900003622
8,9,West gate by Aditya constructions,Commercial,"Rajesh Pagdala,satyanarayan Thota,",A51900003622
9,10,Lodha code name big bang,Residential,"Piyush arun vora,babusingh Bhoorsinghji Rajguru",A51900003622
10,11,Upkar housing development corporation,Plots,K H Khan,A51900003622
11,12,Teemage Buiders private ltd,Plots,Nandgopal Anandhi,A51900003622
12,13,Goa Paradise,Residential,TATA Houing development company Ltd,A51900003622
13,14,LAVIDA,Residential,TATA Housing development company Ltd,A51900003622
14,15,TATA Housing sector 150 Noida,Residential,TATA Value Homes,A51900003622
15,16,TATA Serein,Residential,TATA Housing development company Ltd,A51900003622
16,17,TATA Amantra,Residential,Tata Housing development company Ltd,A51900003622
17,18,TATA Housing eleve,Residential,TATA Housing development company Ltd,A51900003622
18,19,RIVA,Residential,TATA Value Homes Ltd,A51900003622
19,20,New Haven Boisar 2,Residential,TATA Value Home Ltd,A51900003622
20,21,Inora Park,Residential,TATA Housing development company Ltd,A51900003622
0,1,OTHERS,Mixed (Plots & Buildings),OTHERS,A51900001490
0,1,KANAKIA SEVENS,Residential,HIMANSHU KANAKIA,A51900001301
1,2,KANAKIA RAINFOREST,Residential,HIMANSHU KANAKIA,A51900001301
2,3,KANAKIA ZEN WORLD,Residential,HIMANSHU KANAKIA,A51900001301
3,4,NAHAR CAYENNE,Residential,AJAY NAHAR,A51900001301
4,5,SERENITY HEIGHTS,Residential,ZATIA GROUP,A51900001301
0,1,Vaikunth Society,Residential,Kukreja Constuction Pvt Ltd,A51900001201
0,1,Pearl Palace,Residential,Chandiwala Group Of Companies,A51900014511
1,2,Pearl Platinum,Residential,Chandiwala Group Of Companies,A51900014511
0,1,RUNWAL RESERVE,Residential,RUNWAL GROUP,A51900014577
1,2,RUNWAL ELEGANTE,Residential,RUNWAL GROUP,A51900014577
0,1,RUNWAL BLISS,Residential,RUNWAL GROUP,A51900014565
0,1,VEENA SARANG,Residential,VEENA DEVELOPERS,A51900014620
0,1,PALAIS ROYALE,Residential,SHREE RAM URBAN INFRASTRUCTURE LIMITED,A51900014825
1,2,RAAJ CHAMBER,Commercial,S K M REAL INFRA LIMITED,A51900014825
0,1,NEW CUFFE PARADE,Residential,LODHA GROUP,A51900014995
0,1,NEW CUFFE PARADE,Residential,LODHA GROUP,A51900015033
0,1,Marathon Icon,Commercial,-,A51900014718
0,1,ONE AVIGHNA PARK,Residential,NISH DEVELOPERS,A51900002670
0,1,GODREJ SKY,Residential,R R BUILDERS,A51900014673
0,1,Casario,Residential,Lodha,A51700002307
1,2,Nirmal,Residential,Nirmal estate,A51700002307
0,1,Royal Accord,Residential,Kanaiyalal Mulchandani,A51900001300
1,2,K Square,Industrial,Sandeep Bagla,A51900001300
2,3,Lotus Corporate Park,Commercial,Sanjay Jain,A51900001300
0,1,Shah Developers,Residential,Amit Group,A51900014872
0,1,ONE AVIGHNA PARK,Residential,NISH DEVELOPERS,A51900001914
0,1,CHANAKYA INTERNATIONAL PRIVATE LIMITED,Residential,VINOD MAGANLAL SHAH,A51900001357
0,1,Universal Garden,Residential,Universal Group,A51900014813
1,2,Pearl Platinum,Residential,Chandiwala Group,A51900014813
0,1,MARATHON MAX,Commercial,MAYUR SHAH,A51900014935
1,2,RUNWAL ANTHURIUM,Residential,Mr AGRAWAL,A51900014935
0,1,Crest,Residential,Kalpataru,A51700001229
1,2,Mayuresh residency,Residential,Mayuresh group,A51700001229
0,1,Lodha Palava,Residential,Lodha Group,A51900014917
1,2,Upper Thane,Residential,Lodha Group,A51900014917
2,3,Godrej Alive,Residential,Godrej,A51900014917
3,4,Mumbai Dreams,Residential,Shapoorji Pallonji,A51900014917
4,5,Kalpataru Immensa,Residential,Kalpataru,A51900014917
5,6,Amara,Residential,Lodha Group,A51900014917
0,1,Panchshil Realty Ltd -Panchshil Tower Pune,Residential,Atul Chordia Sagar Chordia,A51900015854
1,2,Chandkhed Properties LLP - 86 Banyan Tree Pune,Mixed (Plots & Buildings),Shyam Sanghavi,A51900015854
2,3,Ahuja Constructions Ltd - Ahuja Tower Prabhadevi,Residential,Jagdish Ahuja Gautam Ahuja,A51900015854
0,1,AGARWAL RESIDENCY,Residential,PUNIT CONSTRUCTIONS,A51900014924
0,1,Avlon,Residential,Hiranandani,A51900014933
1,2,Solitaire Wadhwa,Residential,Wadhwa group,A51900014933
0,1,JP Galaxy,Residential,JP Corp,A51900019862
1,2,JP Synergy,Commercial,Aashvi developers,A51900019862
0,1,COSMOS LEGEND,Residential,MANISH MEHTA,A51900014931
0,1,PIRAMAL ARANYA,Residential,PIRAMAL,A51900015104
0,1,Mahindra Splendoir,Residential,Mahindra Lifespace Developers Ltd,A51900016409
1,2,Mahindra Eminente,Residential,Mahindra Ligfespace Developer Ltd,A51900016409
2,3,THe Address,Residential,Wadhwa Group,A51900016409
0,1,"RJD Integrated Textile Park, Surat, Gujarat",Others,Rameshbhai Jivrajbhai Desai and Others,A51900001473
1,2,"Deesan Infrastructure Pvt Ltd, Dhule",Others,Hiral Chintan Patel and Others,A51900001473
2,3,"Asmeeta Infratech Pvt Ltd, Thane",Others,Hoshiar Singh Kundu and Others,A51900001473
3,4,"Kalappana Awade Textile Park, Maharashtra",Others,Prakash Kallappa Awade and Others,A51900001473
4,5,Global Entrade,Others,Shivaji PD Jaiswal And Others,A51900001473
5,6,Coldstar Logistics Pvt Ltd,Others,Tuscan Ventures Pvt Ltd And Others,A51900001473
6,7,Global Foods,Others,Akash Satija And Others,A51900001473
7,8,Empire Industrial Centrum,Others,Anoop Bhargava And Others,A51900001473
0,1,Pioneer Park,Residential,Pioneer Urban and Land Infrastructure Ltd,A51900015085
1,2,pioneer presidiA,Residential,pioneer land and infrastructure ltd,A51900015085
0,1,Elanza,Residential,jiten gala,A51900016659
1,2,runwal nirwana,Residential,sandip runwal,A51900016659
2,3,omkar veda,Residential,babulal varma,A51900016659
0,1,LODHA NCP,Residential,LODHA,A51900015337
0,1,Palava,Residential,Lodha Group,A51900001916
1,2,The Park,Residential,Lodha Group,A51900001916
0,1,NEELKANTH CHSL,Commercial,NANDKISHORE BAJAJ AND COMPANY,A51900015350
0,1,Runwal Forests,Residential,Runwal Group,A51900016166
1,2,Shreepati Arcade,Residential,Shreepati Group,A51900016166
2,3,Runwal Bliss,Residential,Runwal Group,A51900016166
3,4,Altitude Towers,Commercial,Wills Realtors,A51900016166
0,1,Raj Kamal,Residential,M/s Raj Properties,A51900018721
0,1,Sorrento,Residential,Vijay Thakkar,A51900002370
1,2,Rose Villa,Residential,Naresh Shah,A51900002370
2,3,Imur,Residential,Vijay Thakkar,A51900002370
3,4,Swapnadeep,Residential,Vijay Thakkar,A51900002370
4,5,Darpan,Residential,Vijay Thakkar,A51900002370
5,6,Udaka Heights,Residential,Vijay Thakkar,A51900002370
6,7,DLH Square,Residential,Vijay Thakkar,A51900002370
7,8,Leena Residency,Residential,Vijay Thakkar,A51900002370
8,9,DLH Park,Commercial,Vijay Thakkar,A51900002370
0,1,xrbia vangani,Residential,xrbia,A51900015100
1,2,arihant anshula,Residential,arihant,A51900015100
2,3,rose medows,Plots,temple rose,A51900015100
3,4,panvelkar sankul,Residential,panvelkar group,A51900015100
4,5,poddar evergreen,Residential,poddar,A51900015100
5,6,sai arcade,Commercial,sai,A51900015100
0,1,UNIQUE CITY,Plots,V T KUNAWAR,A51900015132
1,2,GAJANAN NAGARI,Plots,V T KUNAWAR,A51900015132
0,1,Minerva,Residential,Lokhandwala Kataria Constructions,A51900002722
0,1,Satguru Shlok,Residential,R S Developers,A51900015370
0,1,Ramrajya,Residential,Neptune,A51900015160
0,1,Ashok Gardens,Residential,Peninsula Land Ltd,A51900001222
1,2,Island City Center,Residential,Bombay Realty,A51900001222
2,3,kingston Towers,Residential,Siroya Group,A51900001222
0,1,Lodha New Cuffee parade,Residential,Lodha Group,A51900002302
0,1,Praman Heritage,Residential,Praman Group,A51900015195
0,1,Kshitij Tower,Residential,FivithWall,A51900001611
0,1,Eknath Building,Mixed (Plots & Buildings),Matoshree Developers,A51900015235
0,1,LODHA PARK,Residential,MANGAL PRABHAT LODHA,A51900001272
1,2,LODHA CREAST,Residential,MANGAL PRABHAT LODHA,A51900001272
2,3,SEA SQUENCE,Residential,VARDHAN,A51900001272
0,1,Shandilya Court,Residential,Newmac Builders,A51900015322
1,2,Dosti Ambrosia,Residential,Dosti group,A51900015322
0,1,Crescent Bay,Residential,L T Realty,A51900003437
1,2,New Cuffe Parade,Residential,Mr Lodha,A51900003437
2,3,Dosti Acres,Residential,Dosti Realty,A51900003437
3,4,Island City Center,Residential,Bombay Realty,A51900003437
0,1,N/a,Residential,N/a,A51900015523
0,1,Cosmos Legend,Residential,Manish Mehta,A51900016265
0,1,AMRUT PEARL,Residential,RAMESH MEHTA,A51900018952
0,1,Hex City,Residential,Supreme Construction and Developers Pvt Ltd,A51900015264
0,1,AGARWAL RESIDENCY,Residential,PUNIT CONSTRUCTIONS,A51900015255
0,1,Marathon Innova,Commercial,Marathon Realty,A51900015362
1,2,Marathon Icon,Commercial,Marathon Realty,A51900015362
2,3,Lodha Supremus,Commercial,Lodha Group,A51900015362
3,4,Ashoka Tower,Residential,Piramal,A51900015362
4,5,Marathon Futurex,Commercial,Marathon Realty,A51900015362
5,6,Kamala Mill,Commercial,Kamala Group,A51900015362
6,7,Peninsula Business Park,Commercial,Piramal,A51900015362
7,8,Peninsula Corporate Park,Commercial,Piramal,A51900015362
8,9,Indiabulls IFC Tower,Commercial,Indiabulls Real Estate,A51900015362
9,10,Lodha Premerio,Residential,Lodha Group,A51900015362
0,1,ORCHID SUBURBIA,Residential,D B REALTY,A51900015699
1,2,KALPAVRUKSH GARDEN,Residential,SADGURU DEVELOPERS,A51900015699
2,3,VEENA SKY HEIGHTS,Residential,VEENA DEVELOPERS,A51900015699
3,4,LODHA AQUARIA,Residential,LODHA GROUP,A51900015699
4,5,JEEVAN DEEP,Residential,JP DEVELOPERS,A51900015699
5,6,GARDEN GROVE,Residential,KAMLA GROUP,A51900015699
0,1,APURVA,Residential,HEMANT TAMORE,A51900015590
0,1,SILVER PARK,Residential,SILVEX CONSTRUCTIONS,A51900015710
0,1,Lodha Park,Residential,Hiren,A51900015317
0,1,GAGAN AKANKSHA,Residential,GAGAN HORIZON VENTURES,A51900015346
0,1,LODHA BELLISSIMO,Residential,LODHA,A51900001315
1,2,LODHA PRIMERO,Residential,LODHA,A51900001315
2,3,DARSHAN RICCO,Residential,DARSHAN GROUP,A51900001315
3,4,World Crest,Residential,LODHA,A51900001315
0,1,SUMER TRINITY,Residential,SUMMER DEVELOPERS,A51900015326
0,1,Hiranandani Gardens,Residential,Hiranandani,A51900015379
1,2,Galleria,Commercial,Hiranandani,A51900015379
0,1,SUKHAKARTA CHS LTD,Residential,NISH DEVELOPERS PVT LTD,A51900015380
0,1,Suvidha Emerald,Residential,Harshul Savla,A51900015532
0,1,Parinee,Commercial,Rajan,A51900015497
0,1,Samyama,Residential,Adhiraj Builders,A51900015436
0,1,VIGNHARTA CHS LTD,Residential,NISH DEVELOPERS PVT LTD,A51900016247
0,1,CAPITAL BKC,Commercial,WADHWA GROUP HOLDINGS PVT LTD,A51900002151
1,2,ONE BKC,Commercial,RAGHULEELA BUILDERS PVT LTD,A51900002151
2,3,RUNWAL FOREST,Residential,WHEELABRATOR ALLOY CASTINGS LTD,A51900002151
3,4,CRESCENT BAY,Residential,L n T PAREL PROJECT LLP,A51900002151
4,5,ETERNIA,Residential,OBEROI CONTSRUCTIONS LTD,A51900002151
5,6,KANAKIA ZILLION,Commercial,KANAKIA SPACES REALTY PVT LTD,A51900002151
0,1,World Tower,Residential,Lodha,A51900015479
0,1,Darshan Group,Residential,Mr Mohanlal Jain,A51900015603
0,1,Ekta Heritage,Residential,Ekta Builders,A51900015560
0,1,DARSHAN GROUP,Residential,MR MOHANLAL JAIN,A51900015727
0,1,DARSHAN GROUP,Residential,MR MOHANLAL JAIN,A51900015728
0,1,DARSHAN GROUP,Residential,MR MOHANLAL JAIN,A51900015561
0,1,DARSHAN GROUP,Residential,MR MOHANLAL JAIN,A51900015609
0,1,Codename Bluemoon,Residential,Lodha,A51900016032
1,2,Golf Scappe,Residential,Kukreja Construction Co,A51900016032
2,3,Tranquil Bay,Residential,Suraj Group,A51900016032
3,4,DGP House,Commercial,Piramal,A51900016032
4,5,Bengal Chemical,Commercial,Bengal Chemical,A51900016032
5,6,Lodha Supremus,Commercial,Lodha,A51900016032
6,7,Luv Kush Tower,Residential,Kukreja Construction Co,A51900016032
7,8,Miranda Apartments,Residential,Prabhadevi,A51900016032
8,9,Chembur Castle,Residential,BDL,A51900016032
9,10,Kalpana Padma,Residential,Shubham Group,A51900016032
10,11,Raheja Empress,Residential,Raheja,A51900016032
11,12,Ashok Towers,Residential,Peninsula Group,A51900016032
0,1,CRESCENT BAY,Residential,L AND T REALTY,A51900001365
1,2,ALTA MONTE,Residential,OMKAR DEVELOPER,A51900001365
0,1,Ahuja Tower,Residential,Jagdish Ahua,A51900000640
1,2,The Park,Residential,Mangal Prabhat Lodha,A51900000640
2,3,Hubtown Solaris,Commercial,Vyomesh Shah,A51900000640
3,4,Sheth Serenity,Residential,Jitendra Sheth,A51900000640
4,5,D B Crown,Residential,Vinod Goenka,A51900000640
0,1,Romell,Residential,Romell,A51900016042
0,1,Runwal Bliss,Residential,Evie Real Estate Private Limited,A51900015784
0,1,Global City,Residential,Rustomjee,A51900015530
0,1,Misty Woods,Residential,Pruthvi Developer,A51900015577
1,2,Bolmendo,Residential,Lodha Group,A51900015577
0,1,JP North,Residential,JP Infra Mumbai Private Limited,A51900015766
1,2,Nirmal Galaxy,Residential,Nirmal Lifestyles Private Limited,A51900015766
0,1,LODHA PARK,Residential,LODHA,A51900001591
0,1,VJAY VICTORY HEIGHT,Residential,VJAY GROUP,A52100022784
0,1,DARSHAN GROUP,Residential,MR MOHANLAL JAIN,A51900015587
0,1,DARSHAN GROUP,Residential,MR MOHANLAL JAIN,A51900015596
0,1,Runwal Greens,Residential,Runwal Homes,A51900015669
1,2,Kanakia Rainforest,Residential,Kanakia Spaces Pvt Ltd,A51900015669
2,3,Chandak Paloma,Residential,Chandak Group,A51900015669
3,4,Kanakia Sevens,Residential,Kanakia Spaces Pvt Ltd,A51900015669
0,1,Valley Residency,Residential,Dies and Sons,A51900017107
1,2,Pabbles II,Residential,Abhinav Rainbow Developers,A51900017107
2,3,Sai Enclave,Residential,Ajinkya Buildcon,A51900017107
3,4,Ambika Residency,Residential,Ambika Associate Builder and Developer,A51900017107
4,5,Carnation,Residential,Anant Jayanti Developers,A51900017107
5,6,Park Wood,Residential,Aniline Construction co pvt ltd,A51900017107
6,7,Kalptaru Serenity,Residential,Ashoka Properties pvt ltd,A51900017107
7,8,Dhanashree Ashiana,Residential,Atria Construction,A51900017107
8,9,Belleza,Residential,B U Bhandari Landmarks,A51900017107
9,10,Bachraj Residency,Residential,Bachraj Developers,A51900017107
10,11,Bachraj Paradise,Residential,Bachraj Developers,A51900017107
11,12,Anmol Nayantara Gold,Residential,Bafna Builders and Developers,A51900017107
12,13,Swaraj,Residential,Bhandari Associates,A51900017107
13,14,Sky One,Residential,Bliss Builders,A51900017107
14,15,Radhika Pride,Residential,Brijwasi Buildcon,A51900017107
15,16,Siddhivinayak Pride,Residential,Brijwasi Infrastructure,A51900017107
16,17,Nirmal Avenue,Residential,Creative Constructs,A51900017107
17,18,Mahavir Kalpavruksha,Residential,Damji Shamji Realty Pvt Ltd,A51900017107
18,19,Krishna Residency,Residential,Ddiva Infrastructure Pvt Ltd,A51900017107
19,20,Dosti Vihar,Residential,Dosti Corporation,A51900017107
20,21,Dreams Aakruti,Residential,Dreams Group,A51900017107
21,22,Dreams Nandini,Residential,Dreams Group,A51900017107
22,23,Ekta Green Ville,Residential,Ekta World,A51900017107
23,24,Elite Homes,Residential,Elite World,A51900017107
24,25,DB ORCHID WOODS,Residential,Gokuldham Real Estate Development Co Pvt Ltd,A51900017107
25,26,Gulmohar Park View,Residential,Gulmohar Developments,A51900017107
26,27,Gundecha Altura,Residential,Gundecha,A51900017107
27,28,Hari Om Sai,Residential,Hari Om Developers,A51900017107
28,29,Hiranandani Heritage,Residential,Hiranandani Constructions Pvt Ltd,A51900017107
29,30,Indrapuri,Residential,Honest Realty,A51900017107
30,31,Signature Elite,Residential,Jayraj Group,A51900017107
31,32,Kalpataru Aura,Residential,Kalptaru Ltd,A51900017107
32,33,Hari Vishwa,Residential,Karda Construction Pvt Ltd,A51900017107
33,34,Hari Om,Residential,Karda Construction Pvt Ltd,A51900017107
34,35,Karmaa Residency,Residential,Karmaa Builders,A51900017107
35,36,Khatri Grande,Residential,Khatri Construction,A51900017107
36,37,City Vista Down Town,Residential,Kolte Patil Real Estate Pvt Ltd,A51900017107
37,38,Shreeji Kunj,Residential,Krrish Group,A51900017107
38,39,Sai Plaza,Residential,Bhagat Builders,A51900017107
39,40,Woods Royale,Residential,Karde Patil Engineers Builders and Promoters,A51900017107
40,41,Rajkama Bayside,Residential,Messrs Sudradh Construction Pvt Ltd,A51900017107
41,42,Mohan Suburbia,Residential,Mohan Lifespaces LLP,A51900017107
42,43,Pratham Apartments,Residential,N B Realty Ltd,A51900017107
43,44,Dev Ratna,Residential,Neelkanth Builders,A51900017107
44,45,Casa Rio River Scape,Residential,Palava Dwellers Pvt Ltd,A51900017107
45,46,"Casa Rio Gold, Diona",Residential,Palava Dwellers Pvt Ltd,A51900017107
46,47,Lodha Golflinks,Residential,Palava Dwellers Pvt Ltd,A51900017107
47,48,Lodha Golflinks- Ramano,Residential,Palava Dwellers Pvt Ltd,A51900017107
48,49,Lodha Golflinks- Terreno,Residential,Palava Dwellers Pvt Ltd,A51900017107
49,50,Pranjapee Scheme- Yuthika,Residential,Paranjape Scheme Yutika,A51900017107
50,51,Ashok Astoria,Residential,Peninsula Land Ltd,A51900017107
51,52,Poonam Imperial,Residential,Poonam Developers,A51900017107
52,53,Prabhat Paradise,Residential,Prabhat Construwell,A51900017107
53,54,Prabhat Paradise Phase II,Residential,Prabhat Construwell,A51900017107
54,55,Bella Casa,Residential,Rachna Lifestyle,A51900017107
55,56,Bella Casa II,Residential,Rachana Lifestyle,A51900017107
56,57,Sunrise Residency,Residential,Rajnir Enterprises Pvt Ltd,A51900017107
57,58,Unnathi Woods,Residential,Raunak Builders,A51900017107
58,59,Raunak City,Residential,Raunak Corporation,A51900017107
59,60,Raunak City Phase II,Residential,Raunak Corporation,A51900017107
60,61,Avenue D,Residential,Rustomjee Evershine and Lakshmi Housing join venture,A51900017107
61,62,Devaki Nandan,Residential,S B Contraction,A51900017107
62,63,Sadguru Paradise,Residential,Sadguru Bhawan Nirman Pvt Ltd,A51900017107
63,64,Rosa Bela,Residential,Sai Enterprise,A51900017107
64,65,Sethia Link View,Residential,Sethia Infrastructure pvt ltd,A51900017107
65,66,Costa Blanca,Residential,Shah Bafna Associates,A51900017107
66,67,Windsmill Village,Residential,Shiv-Shailam Developers,A51900017107
67,68,Shreeji Aradhana,Residential,Shree Land Developers and Builders,A51900017107
68,69,Siddhivinayak Garima,Residential,Siddhivinayak Homes,A51900017107
69,70,Sai Samarth,Residential,SRM Group,A51900017107
70,71,Evershine Avenue A6,Residential,Stabble Evershine Builder,A51900017107
71,72,Sudarshan Sky Garden,Residential,Sudarshan Developers,A51900017107
72,73,Rajkamal Bayside,Residential,Suradh Constructions Pvt Ltd,A51900017107
73,74,Sumit Greendale,Residential,Sumit Pragati Shelter LLP,A51900017107
74,75,Teerth Tower,Residential,Teerth Realtor,A51900017107
75,76,Ritu World,Residential,Tharwani Infrastructure,A51900017107
76,77,Donum Maria,Residential,Triveni Group,A51900017107
77,78,Raunak Heights,Residential,Unnathi Associates,A51900017107
78,79,Raunak City Phase 3,Residential,Unnathi Estates,A51900017107
79,80,Unnathi Wood Phase 4,Residential,Unnathi Estates,A51900017107
80,81,Unnathi Woods Phase 5,Residential,Unnathi estates,A51900017107
81,82,VBHC Palghar Greenwoods,Residential,VBHC Mumbai Value Homes Pvt Ltd,A51900017107
82,83,VBHC Vaibhav,Residential,VBHC Mumbai Value Homes Pvt Ltd,A51900017107
83,84,Vijay Galaxy,Residential,Vijay Group,A51900017107
84,85,Barsana Dham,Residential,Vrindavan Realtors,A51900017107
85,86,The Landmark,Residential,VTP Group,A51900017107
86,87,Yogi Dham,Residential,Yogi Developers Corporation,A51900017107
0,1,Lodha Amara,Residential,Lodha,A51900015735
0,1,Project Name,Residential,Promoter Name,A51900017037
0,1,RUNWAL RESERVE,Residential,SANDEEP RUNWAL,A51900015633
0,1,THE BAYA PARK,Residential,BAYA COMPANY,A51900016634
0,1,Natekar Heights,Residential,Sabari Developers LLP,A51900002661
0,1,Expat Carnival,Plots,Expat Projects and Dev Pvt Ltd,A51900015764
1,2,Solitude Enclave,Residential,Expat Project and Dev Pvt Ltd,A51900015764
2,3,Expat Vida - Taloja,Residential,Expat Projects and Dev Pvt Ltd,A51900015764
0,1,ONE CREST,Residential,KARA PROPERTIES PVT LTD,A51900001571
0,1,Jewel Crest,Residential,Jewel Villas and Developers LLP,A51900015999
0,1,SHELTREX,Residential,BRICK EAGLES GROUP COMPANY,A51900015729
0,1,None,Residential,None,A51900015623
0,1,DB Wood,Residential,DB Realty Limited,A51900015790
0,1,Pearl Palace,Residential,Chandiwala Group,A51900015664
1,2,Alta Monte,Residential,Omkar,A51900015664
0,1,ETERNIA,Residential,OBEROI REALTY,A51900015959
1,2,ENIGMA,Residential,Oberoi Constructions ltd,A51900015959
0,1,DARSHAN GROUP,Residential,MR MOHANLAL JAIN,A51900015793
0,1,NEONA,Residential,K HEMANI,A51900015642
0,1,NONE,Others,NONE,A51900016027
0,1,New veer dhawal chs,Residential,Shree durga vastu makers,A51900016842
0,1,DHRUVA KUMAR GUPTA,Others,ANUPAM,A51900016422
0,1,Anand Villa,Residential,TS Anand,A51900015831
1,2,Adani,Commercial,Adani,A51900015831
2,3,Anand Kutir,Residential,R Anand,A51900015831
3,4,Ekta Mapple Wood,Residential,Ekta,A51900015831
4,5,White Orchid Society,Residential,Mr parekh,A51900015831
0,1,Emerald Residency,Residential,Richa Realtors Pvt Ltd,A51900001395
1,2,Shimmering Heights,Residential,Lalit Developers,A51900001395
2,3,Rizvi Height,Residential,Rizvi Developer,A51900001395
0,1,hiranandani Constrtuctions,Residential,Hiranandani Devlopers,A51900016051
0,1,Lodha Amara,Residential,Mangal Prabhat Lodha,A51900008361
1,2,Rosa Manhattan,Residential,Rosa Group,A51900008361
0,1,SUGEE GROUP,Residential,SUGEE SADAN,A51900015834
1,2,SUGEE GROUP,Residential,SUGEE SADAN,A51900015834
2,3,RICHA HOMES,Residential,RICHA HEIGHTS,A51900015834
3,4,GAMI GROUP,Residential,GAMI HEIGHTS,A51900015834
0,1,ARIHANT CITY,Residential,PARAS JAIN,A51900015982
0,1,SEA SEQUENCE,Residential,B VARDHAN GROUP,A51900016019
0,1,APURVA,Residential,HEMANTTAMORE,A51900016046
0,1,"B/51, Paradise Apartments, 44, Napean Sea Road, Mumbai 400026",Residential,Swaminarayan Sanstha,A51900015979
0,1,World Towers,Residential,Lodha Group,A51900007466
1,2,Grosvenor Square,Residential,Lodha Group,A51900007466
2,3,Lincoln Square,Residential,Lodha Group,A51900007466
3,4,Codename Arise,Residential,Shapoorji pallonji,A51900007466
4,5,New Cuffe parade,Residential,Lodha Group,A51900007466
0,1,OBEROI EXQUISTE,Residential,OBEROI GROUP,A51900019423
1,2,ROYAL MANOR BANDRA,Residential,GROUP,A51900019423
0,1,Mahavir Kalpavruksha,Residential,Damji Shamji Realty Private Limited,A51900015954
0,1,LODHA PARK,Residential,LODHA BUILDERS,A51900015948
0,1,lodha Amara,Residential,Lodha builder,A51900016100
0,1,Amstoria,Residential,Kabul Chawla,A51900019905
1,2,Aman Vilas,Residential,Arjun Puri,A51900019905
0,1,Godrej Garden City,Residential,Godrej Properties,A51900016749
1,2,Adani Water Lily,Residential,Adani,A51900016749
2,3,Neptune Magnet Wall,Commercial,Neptune Group,A51900016749
3,4,Balaji Agora,Residential,Balaji Developers,A51900016749
0,1,AGARWAL RESIDENCY,Residential,PUNIT CONSTRUCTION,A51900015919
0,1,PIRAMAL VAIKUNTH,Residential,PIRAMAL REALTY,A51900001575
0,1,Sanghavi Square,Commercial,Sanghvi Land Developers Pvt Ltd,A51900008562
1,2,Prem Ashish,Residential,Sanghvi Gruha Nirman Pvt Ltd,A51900008562
2,3,Chandan Pride,Residential,Sanghavi Land Developers Pvt Ltd,A51900008562
3,4,Odhavram Apartment,Residential,Odhav Construction,A51900008562
0,1,Omkar 1973,Residential,Omkar Developers,A51900001451
1,2,RUSTOMJEE ELEMENTS,Residential,Rustomjee Realty Pvt Ltd,A51900001451
2,3,Lotus Corporate Park,Commercial,Aakash Value Realty Pvt Ltd,A51900001451
3,4,ONE BKC,Commercial,Radius Developers,A51900001451
4,5,Indibulls Sky Forest,Residential,Indiabulls Real Estate Limited,A51900001451
0,1,KSHITIJ,Residential,TRIDHAATU,A51900002018
0,1,Man Infraproject Ltd,Residential,Nikhil Mansukhani,A51900001462
1,2,Season Heights,Residential,Prabhavati Patel and Others,A51900001462
0,1,SHARDHA,Residential,JANARDHAN MANJREKAR,A51900001773
1,2,PRASANNA DEVELOPER,Residential,PRASANNA MEHATA,A51900001773
2,3,LOTUS PROJECT,Residential,SURESH MEHATA DEVELOPER,A51900001773
3,4,SUNIL DEVELOPER,Residential,SUNIL MANTRI DEVELOPER,A51900001773
0,1,Oberoi Exquisite,Residential,Oberoi Realty,A51900001785
1,2,Raheja Reflections,Residential,Raheja Universal,A51900001785
2,3,Gundecha Greens,Residential,Kastamandup Developers Pvt Ltd,A51900001785
3,4,Western Edge,Commercial,Kanakia,A51900001785
0,1,ELLANZA,Residential,KEYSTONE RELATORS PRIVATE LIMITED,A51900016459
1,2,PRIME ROSE,Residential,SUNNY VISTA RELATORS,A51900016459
2,3,KAKAD PARADISE,Residential,KAKAD GROUP OF COMPANIES,A51900016459
3,4,AGARWAL HEIGHT,Residential,AGARWAL ASSOCIATES,A51900016459
4,5,BLUE ORBIT,Residential,ATUL PROJECT LIMITED,A51900016459
5,6,SUMITARISTA,Residential,SUMIT CONSTRUCTION,A51900016459
6,7,AMRITA,Residential,SUMIT CONSTRUCTIONS,A51900016459
7,8,SUNRISE,Residential,SUMIT CONSTRUCTIONS,A51900016459
8,9,LATA,Residential,SUMIT CONSTRUCTIONS,A51900016459
0,1,DIVYAM HEIGHTS B2,Residential,HERESH CONSTRUCTION,A51900016227
1,2,RAJVEER APARTMENT,Residential,HERESH CONSTRUCTION,A51900016227
0,1,Parijat Towers,Residential,Better Builders,A51900016375
0,1,Lodha Crest,Residential,Lodha Group,A51900016157
0,1,EVERREADY BUILDERS,Mixed (Plots & Buildings),HARESH CHANDAN,A51900016196
0,1,Ashok Gardens,Residential,Peninsula Land Limited,A51900001982
1,2,Celestia Spaces,Residential,Peninsula Land Limited,A51900001982
2,3,Omkar Veda,Residential,Omkar Group,A51900001982
3,4,Crescent Bay,Residential,L N T Realty,A51900001982
4,5,Venezia,Residential,Lodha Group,A51900001982
5,6,Island City Centre,Residential,Bombay Realty,A51900001982
6,7,One Avighna Park,Residential,Avighna India Ltd,A51900001982
7,8,Kalpataru Avana,Residential,Kalpataru Constructions Pvt Ltd,A51900001982
8,9,The Park,Residential,Lodha Group,A51900001982
9,10,Dosti Flamingos,Residential,Dosti Group,A51900001982
0,1,STAR REAL ESTATE,Residential,SHITAL PALANDE,A51900016620
0,1,Reliable Groups,Residential,Sunil Shetty,A51900016168
0,1,OMKAR ALTA MONTE,Residential,OMKAR REALTORS AND DEVELOPERS,A51900001433
1,2,CRESCENT BAY PAREL,Residential,L AND T REALTY,A51900001433
2,3,EMERALD ISLE,Residential,L AND T REALTY,A51900001433
0,1,Hiranandani Gardens Odyssey 1,Residential,Hiranandani,A51900016177
1,2,Galleria,Commercial,Hiranandani,A51900016177
0,1,Dosti Orchid,Residential,Dosti Group,A51900016189
1,2,Dosti Ambrosia,Residential,Dosti group,A51900016189
0,1,GRIHAM SPICE HOMES,Residential,ACME BUILDTECH,A51900016890
1,2,HABITAT78,Residential,CONSCIENT INFRASTRUCTURE PVT LTD,A51900016890
2,3,SHRI RADHA SKY PARK,Residential,SHRI GROUP,A51900016890
0,1,Swaroop Centre,Commercial,Roshanlal Agarwal,A51900016293
0,1,RICHA REALTORS,Residential,PRAKASH JOSHI,A51900001586
1,2,SRL DIAGNOSTICS,Residential,AVINASH PHADKE,A51900001586
2,3,CHAMUNDI CONSTRUCTION,Commercial,ARJUN SOLANKI,A51900001586
3,4,VYAS VERTEX,Residential,GIRISH VYAS,A51900001586
4,5,ATHARVA DEVLOPERS,Commercial,NILESH KETKAR,A51900001586
0,1,MATOSHREE REALTORS,Residential,MR RAJAN SHIRODKAR,A51900001448
1,2,PREM CONSTRUCTIONS,Residential,MR N BHATE,A51900001448
2,3,OMKAR BUILDERS,Commercial,MR KAUSHIK MORE,A51900001448
3,4,SHIVALIK VENTURES,Commercial,MR RAMAKANT JADHAV,A51900001448
4,5,CONCREATE GROUP,Residential,MR NILESH DALAL,A51900001448
0,1,Havoc Consultancy,Residential,Havoc Consultancy,A51900019457
1,2,Lodha Residential,Residential,Lodha Group,A51900019457
2,3,Havoc,Commercial,Havoc Consultancy,A51900019457
0,1,SUGEE DEVELOPERS,Residential,MR NISHANT DESHMUKH,A51900002537
1,2,BUILDARCH CONSTRUCTIONS,Commercial,MR MONISH THAKUR,A51900002537
2,3,WEST AVENUE DEVELOPERS,Residential,MR PRAKASH AJGAONKAR,A51900002537
3,4,VERTUE DEVELOPERS,Residential,MR VALIMBE,A51900002537
4,5,MIGHTY DEVELOPERS,Commercial,MR UDAY DESAI,A51900002537
0,1,Oberoi Sky City,Residential,Oberoi Builders,A51900001334
1,2,Astron,Residential,Shapoorji Pallonji,A51900001334
2,3,Eternity,Residential,Raheja Universal Ltd,A51900001334
3,4,Rivali Park,Residential,CCI Project,A51900001334
4,5,Gundecha Trillium,Residential,sea Princess Realty,A51900001334
0,1,CRESCENT BAY,Residential,L AND T PVT LTD,A51900001429
0,1,Crescent Bay,Residential,L and T Realty Ltd,A51900001452
1,2,New Cuffe Parade,Residential,Lodha Crwon Buildmart Pvt Ltd,A51900001452
2,3,Ambrosia,Residential,Dosti Realty Ltd,A51900001452
3,4,Casa Royal Grand,Residential,Lodha Buildcon Pvt Ltd,A51900001452
0,1,L AND T CRESCENT BAY,Residential,L AND T REALTY,A51900001345
1,2,PENINSULA CELESTIA SPACES,Residential,NANDAN PIRAMAL,A51900001345
2,3,KALPATARU CREST,Residential,PARAG MUNOT,A51900001345
3,4,RAHEJA IMPERIA,Residential,SURESH RAHEJA,A51900001345
0,1,OMKAR 1973,Residential,Babulal Varma,A51900001424
1,2,Panchshil,Mixed (Plots & Buildings),Sagar Charodia,A51900001424
2,3,Indiabulls,Commercial,Sameer Gehlaut,A51900001424
0,1,Vasant Oasis,Residential,Sheth Developers,A51900005683
0,1,None,Residential,None,A51900001502
0,1,RAHEJA VIVERIA,Residential,K RAHEJA,A51900016819
1,2,BOMBAY DEYING,Residential,THE WADHWA GROUP,A51900016819
2,3,W54,Residential,THE WADHWA GROUP,A51900016819
3,4,SIGNA ISLAND,Residential,SUNTECK,A51900016819
4,5,AHUJA TOWER,Residential,AHUJA GROUP,A51900016819
5,6,IMPERIAL TOWERS,Residential,SHAPOORJI PALLONJI,A51900016819
6,7,SUMER TRINITY,Residential,SUMER GROUP,A51900016819
7,8,THE PARK,Residential,THE LODHA,A51900016819
8,9,PARINEE,Commercial,EDELWEISS,A51900016819
9,10,ONE BKC,Commercial,RADIUS DEVELOPERS,A51900016819
10,11,THE CAPITAL,Commercial,THE WADHWA GROUP,A51900016819
0,1,Global Arena,Residential,Unicorn Global,A51900016280
1,2,Lodha Amara,Residential,Lodha Group,A51900016280
0,1,VIMALNATH,Residential,MANOJ PANCHAMIA,A51900016453
1,2,ORBIT TOWER,Residential,MANOJ PANCHAMIA,A51900016453
0,1,Shapurji Pallonji,Residential,Gopal Shinde,A51900016316
0,1,Godrej Serenity,Residential,Godrej Properties,A51900001520
0,1,RAHEJA VIVAREA,Residential,GENEXT HARDWARE AND PARKS PVT LTD,A51900001428
1,2,NAMAN MIDTOWN,Commercial,SHREE NAMAN BUILDERS PVT LTD,A51900001428
2,3,THE PARK,Residential,JAWALA REAL ESTATE PVT LTD,A51900001428
3,4,THE WORLD TOWER,Residential,SHREENIWAS COTTON MILLS LTD,A51900001428
4,5,KAMALA CITY,Commercial,KAMALA MILLS PVT LTD,A51900001428
5,6,RUPAREL ARIANA,Residential,SHREE SUKHKARTA DEVELOPERS PVT LTD,A51900001428
6,7,LODHA PRIMERO,Residential,MICROTEC CONSTRUCTIONS PVT LTD,A51900001428
7,8,RNA MIRAGE,Residential,CHAMBER CONSTRUCTION PVT LTD,A51900001428
8,9,MARATHON FUTUREX,Commercial,MARATHON REALTY PVT LTD,A51900001428
0,1,RUSTOMJEE URBANIA,Residential,KAPSTONE DEVELOPERS,A51900002064
0,1,Omkar Alta Monte,Residential,Omkar Developers,A51900000182
1,2,Shamik Elanza,Residential,Shamik Enterprises,A51900000182
2,3,Rustomjee Elita,Residential,K Hemani,A51900000182
3,4,Godrej Prime,Residential,Godrej Properties,A51900000182
4,5,Lodha The Park,Residential,Lodha Developers,A51900000182
5,6,Omkar 1973,Residential,Omkar Developers,A51900000182
6,7,Raheja Imperia,Residential,Raheja Universal,A51900000182
7,8,Godrej Central,Residential,Godrej properties,A51900000182
8,9,Transcon Triumph,Residential,Transcon Builders,A51900000182
0,1,GODREJ PRAKRITI,Residential,GODREJ PROPERTIES,A51900010463
0,1,None,Residential,None,A51900001563
0,1,Lodha Venezia,Residential,Abhishek Lodha,A51900001478
1,2,Omkar 1973,Residential,Babulal Verma,A51900001478
2,3,Cresent Bay,Residential,Nair,A51900001478
3,4,Celestia Spaces,Residential,Rajiv Piramal,A51900001478
4,5,Indiabulls Sky,Residential,Samer Galot,A51900001478
5,6,Omkar Veda,Residential,Babulal Verma,A51900001478
0,1,ARIHANT ALOKI,Residential,ARIHANT AASHIYANA PVT LTD,A51900001851
1,2,ARIHANT ARSHIYA,Residential,ARIHANT SUPERSTRUCTURES PVT LTD,A51900001851
2,3,BHUMIRAJ HERMITAGE,Residential,BHUMIRAJ CONSTRUCTIONS,A51900001851
0,1,Surge Enterprises,Commercial,Times of India,A51900002269
1,2,Lower Parel S B Marg,Commercial,Bennett Proparty,A51900002269
2,3,P51900018039,Residential,Glider Buildcon Realtors Pvt Ltd,A51900002269
0,1,15 lBS kURLA,Commercial,PHOENIX MARKETCITY,A51900001625
0,1,GIRIRAJ HEIGHTS,Residential,KAMLESH DAFTARI,A51900002317
0,1,Dosti Acres,Residential,Deepak Goradia,A51900001496
1,2,Larsen and Toubro Realty,Residential,Shrikant Joshi,A51900001496
0,1,None,Residential,None,A51900001481
0,1,Mantri Park,Residential,Sunil Mantri,A51900001795
0,1,Ekta Oculus,Residential,EKta World,A51900001491
0,1,RAHEJA ODYSSEY,Residential,ASHISH RAHEJA,A51900001978
1,2,NAMAN MID TOWN,Commercial,jayesh shah,A51900001978
2,3,anant bhoomi,Residential,yogesh sawant,A51900001978
3,4,oberoi 360 west view,Residential,vikas oberoi,A51900001978
4,5,omkar 1973,Residential,babulal varma,A51900001978
5,6,raheja vivarea,Residential,ravi raheja,A51900001978
0,1,Mahavir City,Residential,Shri Mahavir Patwa Developers and Constructions pvt ltd,A51900015306
1,2,Sai Niwara chs ltd,Residential,Sai Siddhant Developers,A51900015306
2,3,Xrbia Eiffel City,Residential,Xrbia,A51900015306
0,1,Celestia Spaces,Residential,Mr Rajeev Piramal,A51900001414
0,1,None,Residential,None,A51900001529
0,1,Celestia Spaces,Residential,Mr Rajeev Piramal,A51900001516
0,1,None,Residential,None,A51900001527
0,1,Lodha Park,Residential,Abhishek Lodha,A51900001512
1,2,Raheja Imperia,Residential,Ashish Raheja,A51900001512
0,1,CRESCENT BAY,Residential,LNT,A51900019935
1,2,SEASONS,Residential,RUSTOMJEE,A51900019935
0,1,KRYPTON TOWER,Residential,JAIN BUILDER,A51900002852
0,1,Lodha Venezia,Residential,Abhishek Lodha,A51900001538
0,1,None,Residential,None,A51900001484
0,1,None,Residential,None,A51900001569
0,1,None,Residential,None,A51900001547
0,1,CASA BELLA,Residential,LODHA,A51900016713
1,2,KARMA RESIDENCY,Residential,KARMA INFRASTRUCTURE,A51900016713
0,1,SONI TOWER,Residential,SONI AND ASSOCIATES,A51900017389
0,1,ALTAVISTA,Residential,SPENTA,A51900020458
0,1,Pyramid Group,Commercial,Sunil Khatri,A51900016391
0,1,,Residential,,A51900016479
0,1,GARDEN 6 PROJECT,Residential,RUSTOMJEE,A51900016996
1,2,COSMOS PROPERTY,Residential,COSMOS,A51900016996
0,1,Rashmi Pink City,Residential,Rashmi Housing Pvt Ltd,A51900016410
1,2,Kailash Heights,Residential,Chetna Group of Companies,A51900016410
0,1,JASMINE CONSTRUCTION PVT LTD,Residential,Rustomjee,A51900016517
0,1,ARIHANT CITY,Residential,PARAS JAIN,A51900016588
0,1,Ashok Meadows,Residential,Mr Rajeev Piramal,A51900001610
0,1,NIL,Mixed (Plots & Buildings),NIL,A51900016882
0,1,Kanakia Paris,Residential,Kanakia Spaces,A51900017332
0,1,WADALA TRUCK TERMINAL,Commercial,SOCIETY,A51900016682
0,1,NOT APPLICABLE,Others,NOT APPLICABLE,A51900016734
0,1,AGARWAL RESIDENCY,Residential,PUNIT CONSTRUCTIONS,A51900016629
0,1,Vasant Oasis,Residential,Vasant Group,A51900016694
1,2,Emerald Isle,Residential,L and T Realty,A51900016694
0,1,Oberoi Sky City,Residential,Oberoi Realty,A51900016612
1,2,Omkar Alta Monte,Residential,Omkar Group,A51900016612
0,1,Godrej Prime,Residential,Godrej Group,A51900016662
1,2,Pearl Palace,Residential,Malkani Builders,A51900016662
0,1,Naman Midtowon,Commercial,Naman Group,A51900003119
1,2,Immensa,Residential,Kalpataru,A51900003119
2,3,Sunmist,Residential,Hubtown,A51900003119
3,4,Avenue 54,Residential,Radius,A51900003119
0,1,None,Residential,None,A51900001652
0,1,Casa Rio,Residential,Lodha,A51900016594
0,1,THE PARK,Residential,LODHA BUILDERS,A51900001645
1,2,The World Towers,Residential,Lodha Builders,A51900001645
0,1,SD ALPINE,Residential,SD CORPORATION PRIVATE LIMITED,A51900017135
0,1,Omkar Altamonte,Residential,Omkar,A51900017277
1,2,The Park,Residential,Lodha,A51900017277
0,1,LODHA SPLENDORA,Residential,LODHA DEVELOPERS LIMITED,A51900016748
0,1,Beaumonte,Residential,Sheth Creators - Sahana,A51900016757
0,1,Runwal Forest,Residential,Runwal,A51900016760
1,2,Vasant Oasis,Residential,Sheth Creators,A51900016760
2,3,Town Centre,Commercial,Dudhwala,A51900016760
0,1,None,Residential,None,A51900001531
0,1,New Cuffe Parade,Residential,Lodha,A51900016809
0,1,"WADHAVA, RADIUS,KALPATARU,KANAKIA,INDIA BULLS, RAHEJA UNIVERSAL",Residential,"RAHEJA, WADHWA",A51900016900
1,2,GODREJ,Commercial,GODREJ,A51900016900
0,1,"WADHWA,KANAKIA,RAHEJA,EKTA,KALPATARU, RUSTAMJEE",Residential,"RAHEJA, WADHWA",A51900016934
0,1,Vayu,Residential,Omkar Construction Private Limited,A51900002326
1,2,Shimering Heights,Residential,Lalit Construction,A51900002326
2,3,Horizon,Residential,Richa Realtors Private Limited,A51900002326
0,1,Omkar Alta Monte,Residential,Omkar Group,A51900016787
1,2,Fiorenza,Residential,Lodha Group,A51900016787
0,1,AGARWAL NIMIT TOWER,Residential,AGARWAL GROUP,A51900016785
0,1,AGARWAL NIMIT TOWER,Residential,AGARWAL GROUP,A51900016824
0,1,RAJESH LIFESPACES,Residential,RAJESH PATEL,A51900016843
0,1,"PLANET GODREJ,LODHA BELLISSIMO,RAHEJA VIVARIA",Residential,"RAHEJA,LODHA",A51900016912
0,1,EKTA TERRACE,Residential,EKTA GROUP OF COMPANIES,A51900016935
0,1,Hiranadani Gardens,Residential,Hiranandani,A51900017000
1,2,Kanakia Powai,Residential,Kanakia,A51900017000
0,1,Oberoi Eternia,Residential,Oberoi Construction,A51900017382
1,2,MONTE CARLO,Residential,Marathon Realty,A51900017382
2,3,Silver Scape,Residential,Malde Properties,A51900017382
0,1,Indiabulls Centre,Residential,Ahluwalia construction,A51900016945
1,2,Aman Akansha,Residential,Reliance Construction,A51900016945
0,1,Ajmera I Land,Residential,Ajmera,A51900017020
1,2,Lodha The Park,Residential,LODHA,A51900017020
0,1,Omkar Alta Monte,Residential,Omkar,A51900016987
1,2,Vasant Oasis,Residential,Vasant Group,A51900016987
0,1,BRICK EAGLES,Residential,AHMED HUSAIN,A51900020167
0,1,The Park,Residential,Lodha Developers Pvt Ltd,A51900001627
1,2,New Cuffe Parade,Residential,Lodha Developers Pvt Ltd,A51900001627
2,3,Nexazone,Residential,Marathon,A51900001627
0,1,Mohammedi Centenary Park Karjat Maharashtra,Residential,Zoeb A Bootwala,A51900017506
1,2,Redevelopment For residential Building Known as Batul House,Residential,Zoeb A Bootwala,A51900017506
2,3,State Guest House Cum Emporium of uttarakhand Vashi Navi Mumbai,Residential,Zoeb A Bootwala,A51900017506
3,4,Group Housing of Construction of 124 police quarters at Uran Raigad,Residential,Zoeb A Bootwala,A51900017506
4,5,Redevelopment of Ahmed Manzil at 105 Raudat Tahera Street Bhendi Bazar Mumbai,Residential,Zoeb A Bootwala,A51900017506
5,6,Commercial Building construction of Guest House of Faiz E Qutbi Trust at Ripon Rd cross lane Mumbai,Commercial,Zoeb A Bootwala,A51900017506
6,7,Institutional Building Construction at PTS Marol Andheri,Commercial,Zoeb A Bootwala,A51900017506
7,8,Construction of Parade Ground at PTS Marol Andheri,Plots,Zoeb A Bootwala,A51900017506
8,9,Institutional Building Construction of Tayyebiyah Girls High School at Bhendi Bazaar Mumbai,Commercial,Zoeb A Bootwala,A51900017506
0,1,Lodha Fiorenza,Residential,LODHA Group,A51900017409
1,2,Iris Park,Residential,Raheja Builder,A51900017409
0,1,Sugee Group,Commercial,Sugi,A51900017435
1,2,Blue Monte,Commercial,Sudhakar Shetty,A51900017435
2,3,Sandhu Heights,Commercial,Sandu Group,A51900017435
3,4,Kalpataru,Residential,kalpataru,A51900017435
0,1,MONTE SOUTH,Residential,MARATHON REALTY,A51900001897
1,2,LIFESTYLE CITY,Residential,NIRMAL LIFESTYLE,A51900001897
2,3,Belvedere court,Residential,Great Eastern,A51900001897
3,4,LODHA belisimo,Residential,Lodha Developers,A51900001897
0,1,SAHAKAR RESIDENCY,Residential,KISHOR AGARWAL,A51900017577
1,2,PARASNATH NAGARI,Residential,BHARAT JAIN,A51900017577
0,1,Shreepati jewel,Residential,R R Chaturvedi,A51900017611
1,2,Shreepati Castle,Residential,R R Chaturvedi,A51900017611
2,3,The Plaza,Commercial,Prime Down Town Estate Pvt Ltd,A51900017611
3,4,ONE AVIGHNA PARK,Residential,NISHANT AGARWAL,A51900017611
0,1,West Bay,Residential,Ekta World,A51900017555
1,2,Corner View,Residential,Ekta World,A51900017555
0,1,KALPATARU IMMENSA,Residential,KALPATARU DEVELOPERS,A51900017112
0,1,Lodha Amara,Residential,Mangal Prabhat Lodha,A51900017118
1,2,Tokyo Bay,Residential,sanjay Puraniks,A51900017118
2,3,Runwal Bills,Residential,subhod Runwal,A51900017118
3,4,Aadi Allure,Residential,Nilesh Jain,A51900017118
0,1,SAVITRI ENCLAVE,Residential,MUKESH B JAIN,A51900017141
1,2,SAI SAVITRI PALACE,Others,SAVITRI CONSTRUCTION,A51900017141
0,1,Kanakia Levels,Residential,Kanakia Spaces Pvt td,A51900017180
0,1,New Cuffe Parade,Residential,Lodha,A51900001637
1,2,ICC 1 and 2,Residential,Bombay Dyeing,A51900001637
2,3,Ikebana,Residential,Tejukaya Builders,A51900001637
3,4,Imperia,Residential,K Raheja,A51900001637
4,5,Sparkle,Residential,Kalpataru,A51900001637
5,6,Oriana,Residential,Rustomjee,A51900001637
6,7,Ashok Towers and Gardens,Residential,Piramal,A51900001637
7,8,Wall Street,Commercial,Kanakia,A51900001637
8,9,Summit,Commercial,Omkar,A51900001637
9,10,The Capital,Commercial,Wadhwa,A51900001637
10,11,Corporate Park,Commercial,Peninsula,A51900001637
11,12,Icon,Commercial,Marathon,A51900001637
0,1,Auris Serenity,Residential,Transcon-Seth Creators Pvt Ltd,A51900017203
1,2,ROMELL DIVA,Residential,ROMELL REAL ESTATE PVT LTD,A51900017203
2,3,SOLITAIRE HEIGHTS,Residential,SOLITAIRE CONSTRUCTIONS,A51900017203
0,1,Pearl Palace,Residential,Chandiwala Group,A51900017164
1,2,Lodha Belair,Residential,Lodha,A51900017164
0,1,Lodha,Residential,Lodha,A51900017350
0,1,Lodha New Cuffe Parade,Residential,Abhishek Lodha,A51900002074
1,2,Paramount,Residential,Mofatraj P Munot,A51900002074
0,1,"Lodha Panacea, Dombivali Projects",Residential,Lodha Group,A51900017480
0,1,Panvelkar Utsav,Residential,Panvelkar Builders,A51900017298
0,1,Sumukh Hills,Residential,Vinod Vasani,A51900001713
0,1,HIRANANDANI FORTUNE CITY,Mixed (Plots & Buildings),HIRANANDANI COMMUNITIES,A51900017458
1,2,MARATHON NEXZONE,Residential,MARATHON GROUP,A51900017458
2,3,KALPATARU RIVERSIDE,Residential,KALPATARU GROUP,A51900017458
3,4,HIRARANADANI ESTATE,Residential,HIRANANDANI GROUP,A51900017458
4,5,DOSTI GROUP,Residential,DOSTI ACRES,A51900017458
0,1,ASHOKA GARDEN,Residential,PIRAMAL,A51900002034
0,1,LODHA AMARA,Residential,LODHA,A51900017367
1,2,LODHA PARK,Residential,LODHA,A51900017367
2,3,LODHA SUPREME,Commercial,LODHA,A51900017367
3,4,WORLD TOWER,Residential,LODHA,A51900017367
4,5,L t CRESENT BAY,Commercial,L AND T,A51900017367
5,6,PURANIKS RUMABALI,Residential,PURANIKS,A51900017367
6,7,COURTYARD,Residential,WADHWA,A51900017367
0,1,Godrej,Commercial,Godrej Properties,A51900017344
1,2,Lodha Supremus,Commercial,Lodha Devlopers,A51900017344
2,3,Godrej BKC,Commercial,Godrej Properties,A51900017344
3,4,Piramal Revanta,Residential,Piramal Realty,A51900017344
4,5,Lodha Parel,Residential,Lodha Devlopers,A51900017344
5,6,Omkar 1973,Residential,Omkar,A51900017344
0,1,Dosti Realty,Residential,Dosti Group,A51900018537
1,2,Dosti Shoppee Link,Commercial,Dosti Group,A51900018537
0,1,LODHA VENEZIA,Residential,LODHA BUILDERS,A51900001623
1,2,Anchor Victorian,Residential,ANCHOR GROUP,A51900001623
0,1,Lodha,Residential,Ahuja Corporation,A51900001803
1,2,Xanadu,Commercial,Ahuja Corporation,A51900001803
0,1,LODHA BUILDERS,Residential,M Lodha,A51900017788
0,1,Anantya Chembur,Residential,Wadhwa and Deserve Builders,A51900017527
0,1,NANDAN B1,Residential,NANDAN CHSL,A51900017524
0,1,Lodha Palava,Residential,Lodha,A51900001642
1,2,Kalpataru,Residential,Kalpataru,A51900001642
2,3,Adani,Commercial,Adani,A51900001642
3,4,Wadhva,Residential,Wadhva,A51900001642
0,1,Orchid Court,Residential,Pranjee Properties Pvt Ltd,A51900001603
0,1,Banjara Hills,Others,Seema Developers,A51900001716
1,2,EBD,Commercial,Neptune Group,A51900001716
2,3,Utsav,Residential,Miradoor,A51900001716
0,1,Gulraj Paradise,Residential,Sadanand Shetty,A51900017654
0,1,Runwal Elegante,Residential,Runwal Group,A51900017616
1,2,Lodha Fiorenza,Residential,Lodha Group,A51900017616
0,1,RAMRAJYA,Mixed (Plots & Buildings),NEPTUNE,A51900017629
0,1,Mahadev,Residential,Suraj Estate,A51900017594
0,1,MANAGALAM COOPERATIVE HOUSING SOCIETY,Residential,VIJAY GARODIA,A51900017627
0,1,Kalpataru-Aura,Residential,Kalpataru,A51900001670
1,2,Wadhwa the Address,Residential,The Wadhwa Group,A51900001670
2,3,Kull Aura,Residential,Kumar Builders,A51900001670
0,1,PALAVA,Residential,LODHA,A51900001833
1,2,CRESCENT BAY,Residential,Larsen And Toubro,A51900001833
0,1,Oberoi Exquisite,Residential,Vikas Oberoi,A51900018349
1,2,Seasons,Residential,Boman Irani,A51900018349
2,3,Kalpataru Sparkle,Residential,Mofatraj Munot,A51900018349
0,1,Crescent Bay,Residential,LandTRealty,A51900001830
0,1,Dosti Ambrosia,Residential,Dosti Realty,A51900017734
0,1,SAMIRA PAVILIONS,Residential,SAMEER NERURKAR,A51900017857
0,1,Godrej tree,Residential,Godrej developers,A51900001755
0,1,Resales,Mixed (Plots & Buildings),Kamal Gagwani,A51900001725
0,1,Lodha Palava,Residential,Lodha Group,A51900001686
0,1,Runawal Green,Residential,Runawal,A51900001836
1,2,Lodha Thane,Residential,Lodha,A51900001836
0,1,KAMLA GROUP,Commercial,KAMLA GROUP,A51900018232
0,1,MAGNUM TOWER,Residential,MAGNUM DEVELOPERS,A51900017764
1,2,VARDHMAN TOWER,Residential,VARDHMAN ESTATE,A51900017764
0,1,Meru tower,Residential,J Gala Builder,A51900001838
0,1,Pallava,Residential,Lodha,A51900001741
1,2,Greens,Residential,Runwal,A51900001741
2,3,Residential,Residential,Neptune,A51900001741
0,1,Venezia,Residential,Lodha Group,A51900002695
0,1,HDIL,Residential,Rakesh Wadhwan,A51900001647
0,1,Pinnacle,Commercial,Dosti group,A51900001708
0,1,SAGAR CITY,Residential,SAGAR BUILDERS,A51900017884
0,1,The Capital,Commercial,Wadhwa group,A51900001743
1,2,Naman Midtown,Commercial,Naman Group,A51900001743
0,1,LODHA GROUP OF COMPANY,Commercial,ABHISHEK LODHA,A51900000109
1,2,LODHA NEW CUFF PARADE,Residential,ABHISHEK LODHA,A51900000109
0,1,Kasav 60,Residential,Rajesh Thakur,A51900001763
1,2,60 Solitor,Commercial,Rajesh Thakur,A51900001763
0,1,The Address,Residential,Wadhwa Group,A51900001729
1,2,Kalpataru,Residential,Kalpataru,A51900001729
0,1,Rama residency,Residential,Shreenath Builder,A51900002173
0,1,Lodha,Residential,Vinod Thakkar,A51900001734
1,2,Xanadu,Commercial,Vinod Thakkar,A51900001734
0,1,NEW CUFF PARED,Residential,LODHA GROUP,A51900017848
1,2,BHAKTI PARK,Residential,AJMERA,A51900017848
2,3,AKRUTI HEIGHTS,Residential,AKRUTI GROUP,A51900017848
3,4,NEUMEC GROUP,Commercial,NEUMEC HEIGHTS,A51900017848
0,1,27GBR,Others,RIDDHI SIDDHI SKYLINE BUILDERS AND DEVELOPERS LLP,A51900017850
1,2,BELLE VUE,Residential,SAMTA BUILDERS PVT LTD,A51900017850
0,1,TIRUMALA HEIGHTS,Residential,AAP REALTORS LTD,A51900017855
1,2,27GBR,Others,RIDDHI SIDDHI SKYLINE BUILDERS AND DEVELOPERS LLP,A51900017855
2,3,COSMOS CLASSIC,Residential,CONCORDE BUILDERS,A51900017855
0,1,TIRUMALA HABITATS,Residential,AAP REALTORS LTD,A51900017869
1,2,27GBR,Residential,RIDDHI SIDDHI SKYLINE BUILDERS AND DEVELOPERS LLP,A51900017869
2,3,COSMOS CLASSIC,Residential,CONCORDE BUILDERS,A51900017869
3,4,BELLE VUE,Residential,SAMTA BUILDERS PVT LTD,A51900017869
0,1,Raheja Vista,Residential,K Raheja Corp,A51900001664
1,2,Park Ville,Residential,Ekta World,A51900001664
0,1,RAHEJA IMPERIA,Residential,RAHEJA UNIVERSAL,A51900004222
1,2,DESAI OCEANIC,Residential,SPARK GROUP,A51900004222
2,3,LODHA PARK,Residential,LODHA GROUP,A51900004222
0,1,Lodha Altamount,Residential,Abhishek Lodha,A51900000721
1,2,Vivarea,Residential,Neil Raheja,A51900000721
2,3,The Park,Residential,Abhishek Lodha,A51900000721
3,4,World Tower,Residential,Abhishek Lodha,A51900000721
4,5,X BKC,Residential,Sanjay Chabbhria,A51900000721
5,6,360 West,Residential,Vikas Oberoi,A51900000721
6,7,Artesia,Residential,Abhishek Lodha,A51900000721
7,8,Four Season residences,Residential,Amit Jatia,A51900000721
0,1,Boomerang,Commercial,Kanakia Spaces Realty Pvt Ltd,A51900001685
0,1,Nyati Elan,Residential,Nyati elan,A51900017916
0,1,Megavilla Project,Residential,Megavilla projects pvt ltd,A51900001787
1,2,Naukar City,Residential,Ishree Developers,A51900001787
0,1,Royal Wakratond,Residential,Royal Vakratond,A51900006639
1,2,Regal Hights,Residential,Regal Enterprices,A51900006639
0,1,Crescent Bay Parel,Residential,L and T,A51900001736
0,1,Marathon Icon,Commercial,Marathon Group,A51900001720
1,2,The Park,Residential,Lodha Deveopers Pvt Ltd,A51900001720
0,1,Star Living,Residential,Theme Developers Private Limited,A51900018297
1,2,Medius,Residential,Aventa Properties LLP,A51900018297
2,3,Piramal Revanta Tower 3 and 4,Residential,PRL Developers Private Limited,A51900018297
0,1,Marshal Crishti,Residential,Marshal Corporation,A51900001689
1,2,Shrishti Solitores,Residential,Siddhivanayak Enterprises,A51900001689
0,1,Avenue 54,Residential,Radius Developers,A51900001706
1,2,The Park,Residential,Lodha,A51900001706
2,3,Sparkle,Residential,Kalpataru,A51900001706
3,4,Paramount,Residential,Rustomjee,A51900001706
0,1,Neelkanth Group,Commercial,Neelkanth,A51900001722
0,1,SHELTREX,Residential,EAGALE BRICKS,A51900018129
0,1,Lodha Splendora,Residential,Kalpesh Borkar,A51900001840
1,2,Rustamjee Urbania,Residential,Kalpesh Borkar,A51900001840
0,1,Satuguru Heights,Residential,Satguru Builders,A51900018026
0,1,Pearl Platinum,Residential,Chandiwala Group,A51900018008
1,2,Pearl Palace,Residential,Chandiwala Group,A51900018008
0,1,Lodha World Crest,Residential,Lodha Developers,A51900002051
0,1,NCP,Residential,Lodha Group,A51900001834
0,1,Parinee Eminence,Commercial,Parinee Builders,A51900018219
0,1,Lodha New Cuff Pared,Residential,Lodha Group,A51900018034
1,2,Sugee Sadan,Mixed (Plots & Buildings),Sugee Group,A51900018034
2,3,Ahuja Heights,Commercial,Ahuja Group,A51900018034
3,4,Marathon Heights,Commercial,Marathon Group,A51900018034
0,1,Park,Residential,Lodha,A51900001704
1,2,Venezia,Residential,Lodha,A51900001704
0,1,Bel mondo,Residential,Lodha group,A51900001671
0,1,Vijay Orian,Residential,Vijay Group,A51900001738
1,2,Rosa Bella,Residential,Rosa group,A51900001738
2,3,Jasmine tower,Residential,SIDDHEWAR GROUP,A51900001738
0,1,SHREENIWAS TOWER,Residential,LODHA DEVELOPERS,A51900018147
0,1,Godrej Garden city,Residential,Godrej Property,A51900001678
0,1,Bhau priya builder,Residential,Navrottam,A51900001682
0,1,The Park,Residential,Lodha Developers Pvt Ltd,A51900001731
1,2,Crescent Bay,Residential,Larsen and Turbo Realty,A51900001731
0,1,LODHA Fiorenza,Residential,Lodha Group,A51900018054
1,2,Lodha Amara,Residential,Lodha Group,A51900018054
0,1,Celestia Spaces,Residential,Peninsula,A51900001847
0,1,world,Residential,lodha developers,A51900018367
0,1,NIL,Others,NIL,A51900013313
1,2,PIRAMAL MAHALAXMI,Residential,PIRAMAL REALTY,A51900013313
2,3,SHAPOORJI PALLONJI MULUND WEST,Residential,SHAPOORJI PALLONJI,A51900013313
3,4,GODREJ THE TREES VIKHROLI,Residential,GODREJ PROPERTIES,A51900013313
4,5,TATA AVEZA MULUND EAST,Residential,TATA HOUSING,A51900013313
5,6,GODREJ CENTRAL CHEMBUR,Residential,GODREJ PROPERTIES,A51900013313
6,7,EMERALD ISLE POWAI,Residential,L AND T REALTY,A51900013313
7,8,"SUMMIT, OASIS, ARIA, NATURE PLUS, GOLF LINKS AND NEST NCR",Residential,GODREJ PROPERTIES,A51900013313
0,1,Bhandare Real Estate Consultant,Residential,Narendra Bhandare,A51900001710
0,1,LODHA AMARA,Residential,LODHA,A51900018459
0,1,SHREE SAI SUNDAR NAGAR,Residential,SUDHAKAR SHETTY,A51900018422
0,1,Lodha Amara,Residential,Lodha Developer,A51900018461
1,2,Runwal forests,Residential,Runwal Developer,A51900018461
2,3,Lodha Palava,Residential,Lodha Developer,A51900018461
0,1,BHOOMI NEW VANDANA CHSL,Residential,BHOOMI GROUP,A51900019594
0,1,Lodha Amara,Residential,Lodha Group,A51900018254
1,2,L and T Samriddhi,Residential,L and T Realty,A51900018254
